Id,Business,Company,Country,Date,Derived products,Parent Company,Value (USD)
589,Software,Aptrix,Australia,15-Jul-03,,IBM,
627,Asset Management,DORANA product line from Ubiquity Pty Limited,Australia,4-Oct-06,,IBM,
740,Innovation Consultancy,Vivant Digital,Australia,5-Oct-17,,IBM,
898,Online auction tools,Sold.com.au,Australia,14-Feb-01,Yahoo! Shopping,Yahoo,30000000
943,Daily deals,Spreets,Australia,20-Jan-11,Spreets,Yahoo,40000000
11,,Where2,Australia,4-Oct,Google Maps,Alphabet,
26,,Orion,Australia,9-Apr-06,Google Search,Alphabet,
256,Software,Proximity,Australia,4-Dec-06,Final Cut Server,Apple,
409,Internet software,DCG,Australia,3-Mar-03,,Microsoft,
427,Mobile,5th Finger,Australia,17-Nov-05,,Microsoft,3153000
768,Music Service,We Are Hunted,Australia,1-Nov-12,,Twitter,
501,RDP applications,HLW Software,Austria,12-Oct-13,,Microsoft,
209,,AIMatter,Belarus,16-Aug-17,YouTube,Alphabet,
861,,MSQRD (Masquerade),Belarus,9-Mar-16,,Facebook,
472,Software,Quadreon,Belgium,4-Jun-08,,Microsoft,
626,IT Services,Global Value Solutions,Brazil,6-Sep-06,,IBM,
913,Advertising network,TeRespondo,Brazil,12-Apr-05,Yahoo! Search Marketing,Yahoo,
15,,Akwan Information Technologies,Brazil,19-Jul-05,Internet backbone,Alphabet,
585,Records Management,Tarian Software,Canada,15-Nov-02,,IBM,
587,Software,Think Dynamics,Canada,14-May-03,,IBM,
600,Project Portfolio Management (PPM) software,Systemcorp ALG Ltd.,Canada,19-Nov-04,,IBM,
609,Electronic Forms,"PureEdge Solutions, Inc.",Canada,25-Jul-05,,IBM,
639,Change Data Capture,DataMirror Corporation,Canada,31-Aug-07,,IBM,161000000
640,Internet Protocol Television (IPTV),"Qinnova, Inc.",Canada,7-Sep-07,,IBM,
646,Business Intelligence,Cognos,Canada,31-Jan-08,,IBM,5000000000
648,Business Server Software,Net Integration Technologies Inc.,Canada,15-Feb-08,,IBM,
678,Financial governance,Clarity Systems,Canada,21-Oct-10,,IBM,350000000
681,Risk Management,Algorithmics Inc.[119],Canada,1-Sep-11,,IBM,387000000
683,Cluster and Grid Management Software,Platform Computing,Canada,12-Oct-11,,IBM,
689,Compensation and Sales Performance Management Software Solutions,Varicent,Canada,13-Apr-12,,IBM,
912,Image hosting service,Ludicorp,Canada,20-Mar-05,Flickr,Yahoo,40000000
16,,Reqwireless,Canada,5-Jul,Google Mobile,Alphabet,
64,,BumpTop,Canada,30-Apr-10,Android,Alphabet,30000000
70,,Zetawire,Canada,10-Aug,"Android, Google Wallet, Google Checkout",Alphabet,
76,,SocialDeck,Canada,30-Aug-10,"Google, Google+",Alphabet,
88,,PushLife,Canada,8-Apr-11,Google Play,Alphabet,25000000
92,,PostRank,Canada,3-Jun-11,Google+ Google Analytics,Alphabet,
103,,SocialGrapple,Canada,11-Oct-11,Google+ Google Analytics,Alphabet,
119,,BufferBox,Canada,30-Nov-12,"Google Shopping, Android",Alphabet,17000000
121,,DNNresearch,Canada,12-Mar-13,"Google, X",Alphabet,
153,Video Stream Management,mDialog,Canada,19-Jun-14,DoubleClick,Alphabet,
188,,Synergyse,Canada,2-May-16,Google Docs,Alphabet,
253,Software,SchemaSoft,Canada,5-Mar,iWork,Apple,
264,Web-based mapping,Poly9,Canada,14-Jul-10,Apple Maps,Apple,
276,Maps,Locationary,Canada,19-Jul-13,Apple Maps,Apple,
319,Augmented reality head-mounted display,Vrvana,Canada,22-Sep-17,ARKit,Apple,30000000
330,Feedback Platform for Development teams,Buddybuild,Canada,2-Jan-18,"Xcode, TestFlight",Apple,
340,Software,Consumers Software,Canada,31-Mar-91,,Microsoft,
342,Wholesale 3-D visualization software,Softimage,Canada,28-Feb-94,,Microsoft,
358,Software,Panorama Software Sys-On-Line[note 2],Canada,1-Nov-96,,Microsoft,
364,Internet software development,LinkAge Software,Canada,30-Jun-97,,Microsoft,
381,Encryption software,Zoomit,Canada,7-Jul-99,,Microsoft,
396,Software,Intellisol International,Canada,2-May-01,,Microsoft,
398,Internet software,NCompass Labs,Canada,31-May-01,,Microsoft,36000000
434,Enterprise software,AssetMetrix,Canada,26-Apr-06,,Microsoft,
467,Business intelligence software,90 Degree Software,Canada,31-Mar-08,,Microsoft,
479,Interactive online gaming,BigPark,Canada,7-May-09,,Microsoft,
482,Software,Opalis Software,Canada,10-Dec-09,,Microsoft,
499,Release management,InRelease,Canada,3-Jun-13,,Microsoft,
508,Software,Inception Mobile Inc.,Canada,1-Aug-14,,Microsoft,
518,Mobile business intelligence & Data visualization,"Datazen Software, Inc.",Canada,14-Apr-15,,Microsoft,
526,Web portal and application lifecycle management solutions,Adxstudio Inc.,Canada,28-Sep-15,,Microsoft,
534,Music discovery,Groove,Canada,9-Feb-16,,Microsoft,
541,Artificial intelligence,Maluuba,Canada,13-Jan-17,,Microsoft,
555,Video games,Compulsion Games,Canada,11-Jun-18,,Microsoft,
575,File migration,Mover,Canada,21-Oct-19,,Microsoft,
834,,Acrylic Software,Canada,20-Jul-12,Facebook's design team,Facebook,
1023,,AbeBooks,Canada,1-Aug-08,AbeBooks,Amazon,
1088,,TSO Logic,Canada,14-Jan-19,TSOLogic,Amazon,
421,Certain assets,Tsinghua-Shenxun-Cert Asts,China,31-May-05,,Microsoft,15000000
1011,,Joyo.com,China,19-Aug-04,Amazon China,Amazon,75000000
903,Browser Helper Object,3721 Internet Assistant,China,4-Jan,Yahoo! Assistant,Yahoo,120000000
963,Social Analytics,Ztelic,China,18-Jul-13,,Yahoo,
880,,Beat Games,Czech,"November, 2019",Oculus Studio,Facebook,
602,IT Services,Maersk Data and DMdata from Maersk,Denmark,1-Dec-04,,IBM,
325,'Green Screen' Technology,Spektral,Denmark,17-Dec,"Photos, iOS",Apple,30000000
403,Software programming,Navision,Denmark,12-Jul-02,,Microsoft,1330000000
459,Information technology,HOB Business Solutions,Denmark,1-Nov-07,,Microsoft,
904,Price comparison service,Kelkoo,EU,26-Mar-04,Kelkoo,Yahoo,579000000
907,Game server browser,The All-Seeing Eye,EU,2-Oct-04,Yahoo! Games,Yahoo,
926,Mobile software,Kenet Works,EU,17-Nov-06,Yahoo! Mobile,Yahoo,25000000
47,,Jaiku,Finland,9-Oct-07,Google Mobile,Alphabet,
158,,drawElements,Finland,23-Jul-14,Android,Alphabet,
314,Indoor mapping and navigation,Indoor.io,Finland,1-Dec-16,"Maps, Project Titan",Apple,
316,Sleep tracking hardware,Beddit,Finland,8-May-17,"iOS, watchOS, Apple Watch",Apple,
500,Mobile,Nokia mobile phones unit,Finland,2-Sep-13,,Microsoft,7200000000
532,Education software,Teacher Gaming LLC,Finland,19-Jan-16,,Microsoft,
851,,ProtoGeo Oy,Finland,24-Apr-14,,Facebook,
595,IT Services,Business Continuity Services unit of Schlumberger,France,13-Apr-04,,IBM,
603,Procurement Services,KeyMRO,France,13-Dec-04,,IBM,
655,Business Rules Management Systems,ILOG,France,28-Jul-08,,IBM,340000000
112,,Sparrow,France,20-Jul-12,Gmail,Alphabet,25000000
129,,FlexyCore,France,22-Oct-13,Android,Alphabet,23000000
190,,Moodstocks,France,6-Jul-16,Google Photos,Alphabet,
320,Computer vision,Regaind,France,29-Sep-17,Photos,Apple,
429,Search,MotionBridge,France,13-Feb-06,,Microsoft,17858000
448,Advertising and marketing,ScreenTonic,France,3-May-07,,Microsoft,
460,Mobile music entertainment,Musiwave,France,15-Nov-07,,Microsoft,
505,(Mobile) application development,Capptain,France,1-May-14,,Microsoft,
506,Developer tools,SyntaxTree,France,2-Jul-14,,Microsoft,
776,Social TV,Mesagraph,France,31-Mar-14,,Twitter,
1013,,Mobipocket,France,21-Apr-05,Mobipocket,Amazon,
1064,,Colis Privé,France,11-Jan-16,,Amazon,
724,Real time transaction fraud detection,Iris Analytics,Germany,15-Jan-16,,IBM,
727,Digital marketing and creative agency,Aperto AG,Germany,2-Feb-16,,IBM,
728,Digital marketing and creative agency,ecx.io AG,Germany,3-Feb-16,,IBM,
738,Collaboration software,XCC (division of TIMETOACT),Germany,31-May-17,,IBM,
993,Advertising and online video,Media Group One,Germany,11-Dec-14,,Yahoo,
20,,allPAY,Germany,31-Dec-05,Google Mobile,Alphabet,
21,,bruNET,Germany,31-Dec-05,Google Mobile,Alphabet,
28,,Neven Vision Germany,Germany,15-Aug-06,"Picasa, Google Goggles",Alphabet,
84,,Zynamics,Germany,1-Mar-11,Project Zero (Google),Alphabet,
102,,DailyDeal,Germany,19-Sep-11,Google Offers,Alphabet,114000000
225,Video Sharing Platform,Nightcorn,Germany,31-Mar-19,YouTube,Alphabet,
241,Software,Astarte-DVD Authoring Software[note 2],Germany,11-Apr-00,"DVD Studio Pro, iDVD",Apple,
252,Music production software,Emagic,Germany,1-Jul-02,"Logic Pro, GarageBand",Apple,30000000
302,Augmented reality,Metaio,Germany,15-May,ARKit,Apple,
318,Eye tracking hardware and software,SensoMotoric Instruments,Germany,16-Jun-17,ARKit,Apple,
352,Software,VGA-Animation Software Div[note 1],Germany,6-Mar-96,,Microsoft,
512,Mobile Beta Distribution & Crash Analytics,HockeyApp,Germany,11-Dec-14,,Microsoft,
519,Wunderlist to-do list applications,6 Wunderkinder GmbH,Germany,2-Jun-15,,Microsoft,
869,,Fayteq AG,Germany,17-Aug,Facebook Live,Facebook,
996,,Telebook,Germany,27-Apr-98,Amazon Germany,Amazon,
79,,BlindType,Greece,1-Oct-10,Android,Alphabet,
657,Online messaging and collaboration,Outblaze's E-Mail Service Assets,HKG,15-Jan-09,,IBM,
941,Geosocial network,Koprol,Indonesia,25-May-10,Koprol,Yahoo,
594,BPO Services,Daksh e-Services,India,7-Apr-04,,IBM,170000000
614,IT Services,Network Solutions Pvt Ltd,India,10-Nov-05,,IBM,
735,Hybrid cloud recovery,Sanovi Technologies,India,27-Oct-16,,IBM,
989,Document Handling,Bookpad,India,22-Sep-14,,Yahoo,15000000
208,,Halli Labs,India,12-Jul-17,,Alphabet,
222,,Sigmoid Labs,India,10-Dec-18,,Alphabet,40000000
313,Machine learning,Tuplejump,India,22-Sep-16,"Siri, CoreML",Apple,
787,Mobile marketing and analytics,ZipDial,India,20-Jan-15,,Twitter,
846,,Little Eye Labs,India,8-Jan-14,,Facebook,15000000
1066,,Emvantage Payments,India,16-Feb-16,Amazon Web Services,Amazon,
1069,,Westland,India,28-Oct-16,Westland,Amazon,
1086,,Tapzo,India,28-Aug-18,Amazon Pay,Amazon,40000000
87,,Green Parrot Pictures,Ireland,16-Mar-11,YouTube,Alphabet,
175,,Thrive Audio,Ireland,16-Apr-15,Google Cardboard,Alphabet,
527,Video game physics engine,Havok,Ireland,2-Oct-15,,Microsoft,
864,,Infiniled,Ireland,10-Oct-16,,Facebook,
684,Smarter Cities,Cúram Software,Ireland,5-Dec-11,,IBM,
702,Mobile Networks Big Data Analytics,The Now Factory,Ireland,1-Oct-13,,IBM,
643,Enterprise storage,XIV,Israel,2-Jan-08,,IBM,300000000
688,Software Development Firm,Worklight,Israel,31-Jan-12,,IBM,70000000
699,Cloud Computing,CSL International,Israel,9-Jul-13,,IBM,
700,Cyber Security,Trusteer,Israel,15-Aug-13,,IBM,1000000000
733,Application discovery and dashboard visualization,EZSource,Israel,1-Jun-16,,IBM,
942,SmartAds,Dapper,Israel,4-Oct-10,Dapper,Yahoo,55000000
985,Video Streaming Platform,RayV,Israel,12-Jul-14,,Yahoo,
987,Ad Security,ClarityRay,Israel,15-Aug-14,,Yahoo,
63,,LabPixies,Israel,27-Apr-10,"iGoogle, Android",Alphabet,
77,,Quiksee,Israel,13-Sep-10,Google Maps,Alphabet,10000000
126,GPS Navigation Software,Waze,Israel,11-Jun-13,"Google Maps , Waze",Alphabet,966000000
141,,SlickLogin,Israel,16-Feb-14,Project Zero (Google),Alphabet,
216,,Velostrata,Israel,9-May-18,Google Cloud Platform,Alphabet,
224,,Alooma,Israel,19-Feb-19,Google Cloud Platform,Alphabet,
268,Flash memory,Anobit,Israel,20-Dec-11,"iPod, iPhone, iPad",Apple,500000000
283,Structured-light 3D scanners,PrimeSense,Israel,24-Nov-13,"Face ID, TrueDepth[71][72]",Apple,360000000
300,Camera,LinX,Israel,14-Apr-15,iPhone Camera,Apple,20000000
386,Digital TV services,Peach Networks,Israel,29-Feb-00,,Microsoft,
399,Software,Maximal Innovative Intelligence,Israel,21-Jun-01,,Microsoft,20000000
442,Applications,Whale Communications,Israel,26-Jul-06,,Microsoft,
443,Applications,Gteko,Israel,26-Sep-06,,Microsoft,
464,Software,YaData,Israel,27-Feb-08,,Microsoft,
478,"Developer of ZCam, a time-of-flight camera",3DV Systems,Israel,1-Mar-09,,Microsoft,35000000
510,Enterprise Security & machine learning,Aorato,Israel,13-Nov-14,,Microsoft,
513,Text Analytics Service,Equivio,Israel,20-Jan-15,,Microsoft,
516,Styli and pen input hardware and software,N-trig,Israel,12-Feb-15,,Microsoft,200000000
522,Cloud security,Adallom,Israel,19-Jul-15,,Microsoft,320000000
529,Data protection,Secure Islands Technologies Ltd.,Israel,9-Nov-15,,Microsoft,
545,Cybersecurity,Hexadite,Israel,8-Jun-17,,Microsoft,100000000
546,Cloud business management,Cloudyn,Israel,28-Jun-17,,Microsoft,50000000
739,Data Center Company,Cloudigo,Israel,24-Sep-17,,IBM,
817,,Snaptu,Israel,20-Mar-11,Mobile,Facebook,70000000
832,,Face.com,Israel,18-Jun-12,,Facebook,100000000
844,,Onavo,Israel,13-Oct-13,,Facebook,
860,,Pebbles,Israel,16-Jul-15,,Facebook,60000000
873,,Redkix,Israel,26-Jul-18,Workplace by Facebook,Facebook,100000000
875,,Dreambit,Israel,"November, 2018",,Facebook,
878,,Servicefriend,Israel,"September, 2019",Calibra,Facebook,
1055,,Annapurna Labs,Israel,22-Jan-15,Annapurna Labs,Amazon,350000000
1087,,CloudEndure,Israel,10-Jan-19,CloudEndure,Amazon,250000000
1093,,E8 Storage,Israel,31-Jul-19,Amazon Web Services,Amazon,
709,Cloud Security (Identity and Access Governance),CrossIdeas,Italy,31-Jul-14,,IBM,
270,Audio,Redmatica,Italy,2-Jun-12,"Logic Pro, GarageBand",Apple,
336,Backend Development,Stamplay,Italy,21-Mar-19,,Apple,5600000
536,Internet of Things platform,Solair,Italy,3-May-16,,Microsoft,
1065,,NICE,Italy,12-Feb-16,Amazon Web Services,Amazon,
130,,Schaft,Japan,2-Dec-13,X,Alphabet,
938,Social media,Maktoob.com,Jordan,25-Aug-09,Maktoob.com,Yahoo,167000000
486,Telecommunications,Skype Technologies,Luxembourg,10-May-11,,Microsoft,8500000000
805,,Octazen,Malaysia,19-Feb-10,Websluths,Facebook,
632,Information security,"Consul Risk Management, Inc.",Netherlands,22-Jan-07,,IBM,
295,Digital magazine,Prss,Netherlands,23-Sep-14,Apple News[85],Apple,
820,,Sofa,Netherlands,9-Jun-11,,Facebook,
1048,,Liquavista,Netherlands,13-May-13,Amazon Kindle,Amazon,
322,Wireless charging,PowerbyProxi,New Zealand,17-Oct,"iPhone, AirPower",Apple,
504,Cloud computing,GreenButton,New Zealand,1-May-14,,Microsoft,
579,Identity management,Metamerge,Norway,25-Jun-02,,IBM,
470,Enterprise search[clarification needed],Fast Search & Transfer,Norway,25-Apr-08,,Microsoft,1191000000
183,,Digisfera,Portugal,17-Oct-15,Street View,Alphabet,
474,Mobile applications,Mobicomp,Portugal,26-Jun-08,,Microsoft,
412,Antivirus technology,GeCAD Software,Romania,10-Jun-03,,Microsoft,
661,Analytics and Optimisation,RedPill Solutions,Singapore,22-Sep-09,,IBM,
187,,Pie,Singapore,18-Feb-16,Spaces (app),Alphabet,
49,,TNC,South Korea,12-Sep-08,Blogger,Alphabet,
39,,Panoramio,Spain,1-Jun-07,Panoramio,Alphabet,
115,,VirusTotal.com,Spain,7-Sep-12,Chronicle,Alphabet,
1033,,BuyVIP,Spain,4-Oct-10,BuyVIP,Amazon,100000000
624,Installation Software,Rembo Technology,Switzerland,27-Jun-06,,IBM,
650,Enterprise software development,Telelogic AB,Sweden,3-Apr-08,,IBM,845000000
33,,Trendalyzer,Sweden,16-Mar-07,Google Analytics,Alphabet,
36,,Marratech,Sweden,19-Apr-07,"Google Talk, Google Hangouts",Alphabet,15000000
203,,Limes Audio,Sweden,5-Jan-17,"Google Duo, Google Hangouts",Alphabet,
265,Facial recognition,Polar Rose,Sweden,20-Sep-10,iOS,Apple,29000000
267,3D mapping,C3 Technologies,Sweden,1-Aug-11,Maps,Apple,267000000
281,Mobile data compression[67],AlgoTrim,Sweden,28-Aug-13,iOS,Apple,
380,Application software,Sendit,Sweden,1-Jul-99,,Microsoft,125420000
509,Video games,Mojang,Sweden,6-Nov-14,,Microsoft,2500000000
542,3D graphics optimization,Simplygon,Sweden,17-Jan-17,,Microsoft,
1094,,IGDB,Sweden,17-Sep-19,Twitch Interactive,Amazon,
636,IT Services,Unicible,Switzerland,20-Apr-07,,IBM,460000000
31,,Endoxon,Switzerland,18-Dec-06,Google Maps,Alphabet,28000000
137,,Bitspin,Switzerland,4-Jan-14,Android,Alphabet,
306,Realtime Motion Capture,Faceshift,Switzerland,15-Nov,Animoji,Apple,
426,Software,media-streams.com,Switzerland,3-Nov-05,,Microsoft,
498,Social analytics,Netbreeze,Switzerland,19-Mar-13,,Microsoft,
867,,Zurich Eye,Switzerland,16-Nov,Oculus VR,Facebook,
210,Smartphones,HTC (portions),Taiwan,21-Sep-17,Google Pixel,Alphabet,1100000000
458,Assets,Global Care Solutions-Assets,Thailand,29-Oct-07,,Microsoft,
897,Web portal,Kimo,Taiwan,9-Nov-00,Yahoo!,Yahoo,30000000
927,Virtual community,Wretch,Taiwan,6-Dec,Wretch,Yahoo,22000000
680,Intelligence Analytics,i2 Limited,United Kingdom,31-Aug-11,,IBM,
694,Data Analysis and Migration Software,Butterfly Software Ltd.,United Kingdom,24-Sep-12,,IBM,
701,Viewer for document management systems,Daeja Image Systems,United Kingdom,19-Sep-13,,IBM,
731,Specialist provider of Microsoft Dynamics CRM based solutions and associated services to the public sector,Optevia,United Kingdom,18-Mar-16,,IBM,
777,Social TV,SecondSync,United Kingdom,31-Mar-14,,Twitter,
796,"Advanced Video Upscaling, Compression and Enhancement",Magic Pony Technology,United Kingdom,20-Jun-16,,Twitter,150000000
800,Geometric Deep Learning & Fake-News detection.,Fabula AI,United Kingdom,3-Jun-19,,Twitter,
830,,Lightbox.com,United Kingdom,15-May-12,,Facebook,
842,,Monoidics,United Kingdom,18-Jul-13,,Facebook,
850,,Ascenta,United Kingdom,27-Mar-14,,Facebook,20000000
858,,Surreal Vision,United Kingdom,26-May-15,,Facebook,
862,,Two Big Ears,United Kingdom,23-May-16,,Facebook,
876,,Chainspace,United Kingdom,19-Feb,Facebook Blockchain,Facebook,
918,Web mapping,Whereonearth,United Kingdom,18-Oct-05,Yahoo! Search Marketing,Yahoo,
951,"News aggregation, summarization",Summly,United Kingdom,25-Mar-13,Yahoo App,Yahoo,30000000
872,,Bloomsbury AI,United Kingdom,18-Jul,,Facebook,30000000
117,,Viewdle,Ukraine,1-Oct-12,Android,Alphabet,45000000
1075,,Souq.com,United Arab Emirates,3-Jul-17,Souq.com,Amazon,580000000
1078,,Wing.ae,United Arab Emirates,6-Sep-17,Souq.com,Amazon,
61,,Plink,United Kingdom,12-Apr-10,Google Goggles,Alphabet,
80,,Phonetic Arts,United Kingdom,3-Dec-10,"Google Voice, Google Translate",Alphabet,
85,,BeatThatQuote.com,United Kingdom,7-Mar-11,Google Shopping,Alphabet,65000000
140,Artificial Intelligence,DeepMind Technologies,United Kingdom,26-Jan-14,Google DeepMind,Alphabet,625000000
142,,spider.io,United Kingdom,21-Feb-14,"DoubleClick, Adsense",Alphabet,
145,,Rangespan,United Kingdom,2-May-14,Google Shopping,Alphabet,
167,,Dark Blue Labs & Vision Factory,United Kingdom,23-Oct-14,Google DeepMind,Alphabet,10000000
214,,Redux,United Kingdom,11-Jan-18,,Alphabet,
218,,GraphicsFuzz,United Kingdom,6-Aug-18,Android,Alphabet,
238,Software,Xemplar Education,United Kingdom,8-Jan-99,,Apple,4926000
266,High-dynamic-range (HDR) photography,IMSense,United Kingdom,14-Sep-10,iOS,Apple,
273,Speech recognition,Novauris Technologies,United Kingdom,2013,Siri,Apple,
297,Audio plug-ins and sound libraries,Camel Audio,United Kingdom,15-Jan,Logic Pro,Apple,
298,Music analytics,Semetric,United Kingdom,21-Jan-15,"Apple Music, iTunes Store",Apple,50000000
304,Speech technology,VocalIQ,United Kingdom,15-Sep,Siri,Apple,
333,Music and Image recognition,Shazam,United Kingdom,24-Sep-18,"iTunes, Siri, Apple Music",Apple,400000000
334,Chip development,Dialog Semiconductor (portions),United Kingdom,11-Oct-18,,Apple,600000000
335,Artist development,Platoon,United Kingdom,7-Dec-18,,Apple,
344,Software,NextBase,United Kingdom,1-Nov-94,,Microsoft,
347,Systems design,Network Managers,United Kingdom,10-Jul-95,,Microsoft,
382,Community software,STNC,United Kingdom,21-Jul-99,,Microsoft,
406,Video games,Rare,United Kingdom,24-Sep-02,,Microsoft,375000000
433,Video games,Lionhead Studios,United Kingdom,6-Apr-06,,Microsoft,
439,Digital asset management,iView Multimedia,United Kingdom,27-Jun-06,,Microsoft,
461,Mapping,Multimap.com,United Kingdom,12-Dec-07,,Microsoft,
533,Virtual keyboard,SwiftKey,United Kingdom,3-Feb-16,,Microsoft,250000000
553,Video games,Ninja Theory,United Kingdom,11-Jun-18,,Microsoft,
556,Video games,Playground Games,United Kingdom,11-Jun-18,,Microsoft,
995,,Bookpages,United Kingdom,27-Apr-98,Amazon UK,Amazon,
997,,IMDb,United Kingdom,27-Apr-98,IMDb,Amazon,55000000
1018,,Digital Photography Review,United Kingdom,14-May-07,Digital Photography Review,Amazon,
1036,,LoveFilm,United Kingdom,20-Jan-11,Prime Video,Amazon,312000000
1037,,The Book Depository,United Kingdom,4-Jul-11,Book Depository,Amazon,
1038,,Pushbutton,United Kingdom,28-Jul-11,,Amazon,
1043,,Evi,United Kingdom,17-Apr-12,Amazon Echo,Amazon,26000000
1077,,GameSparks,United Kingdom,28-Jul-17,GameSparks,Amazon,10000000
0,,Dejavue,United States,12-Feb-01,Google Groups,Alphabet,
1,,Outride,United States,20-Sep-01,Google Personalized Search,Alphabet,
2,,Pyra Labs,United States,3-Feb,Blogger,Alphabet,
3,,Neotonic Software,United States,3-Apr,"Google Groups, Gmail",Alphabet,
4,,Applied Semantics,United States,3-Apr,"AdSense, AdWords",Alphabet,102000000
5,,Kaltix,United States,30-Sep-03,iGoogle,Alphabet,
6,,Sprinks,United States,3-Oct,"AdSense, AdWords",Alphabet,
7,,Genius Labs,United States,3-Oct,Blogger,Alphabet,
8,,Ignite Logic,United States,10-May-04,Google Sites,Alphabet,
9,,Picasa,United States,13-Jul-04,"Picasa, Blogger",Alphabet,
10,,ZipDash,United States,4-Sep,Google Maps,Alphabet,
12,,Keyhole,United States,27-Oct-04,"Google Maps, Google Earth",Alphabet,
13,,Urchin Software Corporation,United States,28-Mar-05,Google Analytics,Alphabet,
14,,Dodgeball,United States,12-May-05,Google Latitude,Alphabet,
17,,Android,United States,17-Aug-05,Android,Alphabet,50000000
18,,Skia,United States,5-Nov,Skia,Alphabet,
19,,Phatbits,United States,27-Dec-05,Google Desktop,Alphabet,
22,,dMarc Broadcasting,United States,17-Jan-06,AdSense,Alphabet,102000000
23,,Measure Map,United States,14-Feb-06,Google Analytics,Alphabet,
24,,Upstartle,United States,9-Mar-06,Google Docs,Alphabet,
25,,@Last Software,United States,14-Mar-06,Google Sketchup,Alphabet,
27,,2Web Technologies,United States,1-Jun-06,Google Spreadsheet,Alphabet,
29,Video Sharing Platform,YouTube,United States,9-Oct-06,YouTube,Alphabet,1650000000
30,,JotSpot,United States,31-Oct-06,Google Sites,Alphabet,
32,,Adscape,United States,16-Feb-07,AdSense,Alphabet,23000000
34,,Crusix,United States,28-May-07,YouTube,Alphabet,
35,,Tonic Systems,United States,17-Apr-07,Google Docs,Alphabet,
37,Advertising,DoubleClick,United States,13-Apr-07,AdSense,Alphabet,3100000000
38,,GreenBorder,United States,11-May-07,Google Chrome,Alphabet,
40,,FeedBurner,United States,3-Jun-07,FeedBurner,Alphabet,100000000
41,,PeakStream,United States,5-Jun-07,Android,Alphabet,
42,,Zenter,United States,19-Jun-07,Google Docs,Alphabet,
43,,GrandCentral,United States,2-Jul-07,Google Voice,Alphabet,45000000
44,,ImageAmerica,United States,20-Jul-07,Google Maps,Alphabet,
45,Security,Postini,United States,9-Jul-07,Gmail,Alphabet,625000000
46,,Zingku,United States,27-Sep-07,Google Mobile,Alphabet,
48,,Omnisio,United States,30-Jul-08,YouTube,Alphabet,15000000
50,,On2,United States,5-Aug-09,"WebM, YouTube",Alphabet,133000000
51,,reCAPTCHA,United States,16-Sep-09,Google Books,Alphabet,
52,,AdMob,United States,9-Nov-09,"DoubleClick, Invite Media",Alphabet,
53,,Gizmo5,United States,9-Nov-09,"Google Talk, Google Hangouts",Alphabet,30000000
54,,Teracent,United States,23-Nov-09,AdSense,Alphabet,
55,,AppJet,United States,4-Dec-09,"Google Wave, Google Docs",Alphabet,
56,,Aardvark,United States,12-Feb-10,Aardvark,Alphabet,50000000
57,,reMail,United States,17-Feb-10,Gmail,Alphabet,
58,,Picnik,United States,1-Mar-10,Picasa,Alphabet,
59,,DocVerse,United States,5-Mar-10,Google Docs,Alphabet,25000000
60,,Episodic,United States,2-Apr-10,YouTube,Alphabet,
62,,Agnilux,United States,20-Apr-10,Android,Alphabet,
65,,Global IP Solutions,United States,18-May-10,WebRTC,Alphabet,68200000
66,,Simplify Media,United States,20-May-10,Android,Alphabet,
67,,Ruba.com,United States,21-May-10,iGoogle,Alphabet,
68,,Invite Media,United States,3-Jun-10,DoubleClick,Alphabet,81000000
69,,Metaweb,United States,16-Jul-10,Google Search,Alphabet,
71,,Instantiations,United States,4-Aug-10,Google Web Toolkit,Alphabet,
72,,Slide.com,United States,5-Aug-10,"Google+, Orkut, Google Play",Alphabet,228000000
73,,Jambool,United States,10-Aug-10,"Google+, Orkut",Alphabet,70000000
74,,Like.com,United States,15-Aug-10,Google Shopping,Alphabet,100000000
75,,Angstro,United States,30-Aug-10,"Google, Google Alert",Alphabet,
78,,Plannr,United States,28-Sep-10,Google+,Alphabet,
81,,Widevine Technologies,United States,3-Dec-10,Google TV,Alphabet,
82,,eBook Technologies,United States,13-Jan-11,Google Books,Alphabet,
83,,SayNow,United States,25-Jan-11,Google Voice,Alphabet,
86,,Next New Networks,United States,7-Mar-11,YouTube,Alphabet,
89,,ITA Software,United States,"April 12, 2011[136]",Google Flights,Alphabet,676000000
90,,TalkBin,United States,26-Apr-11,Android,Alphabet,
91,,Sparkbuy,United States,23-May-11,Google Shopping,Alphabet,
93,,Admeld,United States,9-Jun-11,"DoubleClick, Invite Media",Alphabet,400000000
94,,SageTV,United States,18-Jun-11,"Google TV, Google Fiber, Android TV",Alphabet,
95,,Punchd,United States,8-Jul-11,Google Offers,Alphabet,
96,,Fridge,United States,21-Jul-11,Google+,Alphabet,
97,,PittPatt,United States,23-Jul-11,Android,Alphabet,
98,,Dealmap,United States,1-Aug-11,Google Offers,Alphabet,
99,Mobile,Motorola Mobility,United States,15-Aug-11,"Android, Google TV, Android TV, Patent portfolio",Alphabet,12500000000
100,,Zave Networks,United States,7-Sep-11,Google Offers,Alphabet,
101,,Zagat,United States,8-Sep-11,"Google Places, Google Maps",Alphabet,151000000
104,,Apture,United States,10-Nov-11,Google Search,Alphabet,
105,,Katango,United States,14-Nov-11,Google+,Alphabet,
106,,RightsFlow,United States,9-Dec-11,YouTube,Alphabet,
107,,Clever Sense,United States,13-Dec-11,Google Maps,Alphabet,
108,,Milk,United States,16-Mar-12,Google+,Alphabet,
109,,TxVia,United States,2-Apr-12,"Google Wallet, Google Checkout",Alphabet,
110,,Meebo,United States,4-Jun-12,Google+,Alphabet,100000000
111,,Quickoffice,United States,5-Jun-12,Google Docs,Alphabet,
113,,WIMM Labs,United States,2012,Android Wear,Alphabet,
114,,Wildfire Interactive,United States,1-Aug-12,"Google, Google+",Alphabet,450000000
116,,Nik Software,United States,17-Sep-12,"Google, Android",Alphabet,
118,,Incentive Targeting,United States,28-Nov-12,Google Offers,Alphabet,
120,,Channel Intelligence,United States,6-Feb-13,Google Shopping,Alphabet,125000000
122,,Talaria Technologies,United States,15-Mar-13,Google Cloud,Alphabet,
123,,Behavio,United States,12-Apr-13,Google Now,Alphabet,
124,,Wavii,United States,23-Apr-13,Google Knowledge Graph,Alphabet,30000000
125,,Makani Power,United States,23-May-13,X,Alphabet,
127,,Bump,United States,16-Sep-13,Google Photos,Alphabet,
128,,Flutter,United States,2-Oct-13,"Google, Android, X",Alphabet,40000000
131,,Industrial Perception,United States,3-Dec-13,X,Alphabet,
132,,Redwood Robotics,United States,4-Dec-13,X,Alphabet,
133,,Meka Robotics,United States,5-Dec-13,X,Alphabet,
134,,Holomni,United States,6-Dec-13,X,Alphabet,
135,,Bot & Dolly,United States,7-Dec-13,X,Alphabet,
136,,Autofuss,United States,8-Dec-13,X,Alphabet,
138,Home automation,Nest Labs,United States,13-Jan-14,Google Nest,Alphabet,3200000000
139,,Impermium,United States,15-Jan-14,Project Zero (Google),Alphabet,
143,,GreenThrottle,United States,12-Mar-14,Android,Alphabet,
144,,Titan Aerospace,United States,14-Apr-14,Project Loon,Alphabet,
146,,Adometry,United States,6-May-14,Google Analytics AdSense,Alphabet,
147,,Appetas,United States,7-May-14,Google My Business,Alphabet,
148,,Stackdriver,United States,7-May-14,Google Cloud Platform,Alphabet,
149,,MyEnergy,United States,7-May-14,Nest Labs,Alphabet,
150,,Quest Visual,United States,16-May-14,Google Translate,Alphabet,
151,,Divide,United States,19-May-14,Android for Work,Alphabet,
152,,Skybox Imaging,United States,10-Jun-14,"Google Maps, Project Loon",Alphabet,500000000
154,,Alpental Technologies,United States,19-Jun-14,Google,Alphabet,
155,,Dropcam,United States,20-Jun-14,Nest Labs,Alphabet,555000000
156,,Appurify,United States,25-Jun-14,Android,Alphabet,
157,,Songza,United States,1-Jul-14,"Google Play, Android TV",Alphabet,
159,,Emu,United States,6-Aug-14,"Google Hangouts, Google Now",Alphabet,
160,,Director,United States,6-Aug-14,"YouTube, Android",Alphabet,
161,,Jetpac,United States,17-Aug-14,Picasa,Alphabet,
162,,Gecko Design,United States,23-Aug-14,X,Alphabet,
163,,Zync Render,United States,26-Aug-14,Google Cloud Platform,Alphabet,
164,,Lift Labs,United States,10-Sep-14,Verily,Alphabet,
165,,Polar,United States,11-Sep-14,Google+,Alphabet,
166,,Firebase,United States,21-Oct-14,Google Cloud Platform,Alphabet,
168,,Revolv,United States,24-Oct-14,Nest Labs,Alphabet,
169,,RelativeWave,United States,19-Nov-14,Android,Alphabet,
170,,Vidmaker,United States,17-Dec-14,YouTube,Alphabet,
171,,Launchpad Toys,United States,4-Feb-15,YouTube for Kids,Alphabet,
172,,Odysee,United States,8-Feb-15,Google+,Alphabet,
173,,Softcard,United States,23-Feb-15,Android Pay,Alphabet,
174,,Red Hot Labs,United States,24-Feb-15,Google Play,Alphabet,
176,,Skillman & Hackett,United States,16-Apr-15,Tilt Brush,Alphabet,
177,,Timeful,United States,4-May-15,"Google Inbox, Google Calendar",Alphabet,
178,,Pulse.io,United States,28-May-15,Android,Alphabet,
179,,Pixate,United States,21-Jul-15,Android,Alphabet,
180,,Oyster,United States,21-Sep-15,Google Play Books,Alphabet,
181,,Jibe Mobile,United States,30-Sep-15,Android,Alphabet,
182,,Agawi,United States,18-Jun-15,"Android, Google Play",Alphabet,
184,,Fly Labs,United States,11-Nov-15,Google Photos,Alphabet,
185,,bebop,United States,11-Nov-15,Google Cloud Platform,Alphabet,380000000
186,,BandPage,United States,12-Feb-16,YouTube,Alphabet,
189,,Webpass,United States,22-Jun-16,Google Fiber,Alphabet,
191,,Anvato,United States,8-Jul-16,Google Cloud Platform,Alphabet,
192,,Kifi,United States,12-Jul-16,Spaces (app),Alphabet,
193,,LaunchKit,United States,27-Jul-16,Firebase,Alphabet,
194,,Orbitera,United States,8-Aug-16,Google Cloud Platform,Alphabet,100000000
195,,Apigee,United States,8-Sep-16,Google Cloud Platform,Alphabet,625000000
196,,Urban Engines,United States,15-Sep-16,Google Maps,Alphabet,
197,,API.AI,United States,19-Sep-16,Google Assistant,Alphabet,
200,,LeapDroid,United States,5-Nov-16,Android,Alphabet,
202,,Cronologics,United States,13-Dec-16,Android Wear,Alphabet,
204,,Fabric,United States,19-Jan-17,Firebase,Alphabet,
205,,Kaggle,United States,8-Mar-17,Google Cloud Platform,Alphabet,
206,,AppBridge,United States,9-Mar-17,Google Docs,Alphabet,
207,,Owlchemy Labs,United States,10-May-17,Google VR,Alphabet,
211,,Bitium,United States,26-Sep-17,Google Cloud Platform,Alphabet,
212,,Relay Media,United States,9-Oct-17,Accelerated Mobile Pages,Alphabet,
213,,60db,United States,11-Oct-17,"Google Play Music, Google Podcasts",Alphabet,
215,,Tenor,United States,27-Mar-18,Google Images,Alphabet,
217,,Cask,United States,14-May-18,Google Cloud Platform,Alphabet,
219,,Senosis,United States,19-Sep-18,Nest Labs,Alphabet,
220,,Onward,United States,2-Oct-18,,Alphabet,
221,,Workbench,United States,28-Nov-18,Google Classroom,Alphabet,
223,,Superpod,United States,3-Jan-19,Google Assistant,Alphabet,60000000
226,Business Intelligence,Looker,United States,6-Jun-19,Google Cloud Platform,Alphabet,2600000000
227,,Elastifile,United States,9-Jul-19,Google Cloud Platform,Alphabet,
228,,Socratic,United States,16-Oct-19,,Alphabet,
229,,CloudSimple,United States,18-Nov-19,Google Cloud Platform,Alphabet,
230,,Fitbit,United States,Pending approval,,Alphabet,2100000000
231,Software,Network Innovations,United States,2-Mar-88,Data Access Language (DAL),Apple,
232,Satellite communication systems,Orion Network Systems,United States,7-Jun-88,,Apple,
233,Computer software,Styleware[note 1],United States,27-Jun-88,"AppleWorks GS, iWork, iLife",Apple,
234,Computer software,Nashoba Systems[note 1],United States,11-Jul-88,FileMaker,Apple,
235,Computer software,Coral Software,United States,3-Jan-89,Macintosh Common Lisp,Apple,
236,Unix-like hardware and software platform,NeXT,United States,7-Feb-97,"Mac OS X/macOS, Darwin, iOS, tvOS, watchOS, audioOS",Apple,404000000
237,Macintosh clones,Power Computing Corporation,United States,2-Sep-97,,Apple,110000000
239,Computer graphic chips,Raycer Graphics,United States,3-Nov-99,,Apple,15000000
240,Internet software,NetSelector,United States,7-Jan-00,,Apple,
242,Software,SoundJam MP[note 3],United States,2000 (Q4),iTunes,Apple,
243,Productivity software,Bluefish Labs,United States,Early 2001,iWork,Apple,
244,Internet service provider (ISP),bluebuzz,United States,11-May-01,,Apple,
245,Graphics software,Spruce Technologies[note 4],United States,9-Jul-01,DVD Studio Pro,Apple,14900000
246,Online info systems services,PowerSchool,United States,31-Dec-01,PowerSchool,Apple,66100000
247,Special effects software,Nothing Real,United States,1-Feb-02,Shake,Apple,15000000
248,FireWire chips and software,Zayante,United States,4-Apr-02,FireWire,Apple,13000000
249,Digital effects software,Silicon Grail Corp-Chalice[note 6][note 7],United States,11-Jun-02,Motion,Apple,20000000
250,internet and network optimization for wireless carriers,Propel Software,United States,20-Jun-02,Safari,Apple,
251,Special-effects titling software for film and video,Prismo Graphics[note 7],United States,21-Jun-02,LiveType (Final Cut Studio),Apple,20000000
254,Gesture recognition company,FingerWorks,United States,5-Apr,iOS,Apple,
255,Software,Silicon Color,United States,16-Oct-06,Color (Final Cut Studio),Apple,
257,Semiconductors,P.A. Semi,United States,24-Apr-08,Apple SOC,Apple,278000000
258,Maps,Placebase,United States,7-Jul-09,Apple Maps,Apple,
259,Music streaming,Lala.com,United States,4-Dec-09,"iCloud, iTunes Match",Apple,17000000
260,Mobile advertising,Quattro Wireless,United States,5-Jan-10,iAd,Apple,275000000
261,Semiconductors,Intrinsity,United States,27-Apr-10,Apple SOC,Apple,121000000
262,Voice control software,Siri,United States,27-Apr-10,Siri,Apple,
269,App search engine,Chomp,United States,23-Feb-12,App Store,Apple,50000000
271,PC and mobile security products,AuthenTec,United States,27-Jul-12,Touch ID,Apple,356000000
272,HTML5 Web app firm,Particle,United States,27-Sep-12,"iCloud, iAd",Apple,
274,Search engine,OttoCat,United States,2013,App Store,Apple,
275,Indoor location,WiFiSlam,United States,23-Mar-13,Apple Maps,Apple,20000000
277,Maps,HopStop.com,United States,19-Jul-13,Apple Maps,Apple,
278,Semiconductors,Passif Semiconductor,United States,1-Aug-13,Apple SOC,Apple,
279,Media discovery app,Matcha,United States,13-Aug-13,TV app for Apple TV and iOS,Apple,
280,Maps,Embark,United States,22-Aug-13,Apple Maps,Apple,
282,Personal assistant,Cue,United States,3-Oct-13,Siri,Apple,50000000
284,Analytics,Topsy,United States,2-Dec-13,"App Store, Apple Music, iTunes Store[74]",Apple,200000000
285,Maps,BroadMap,United States,23-Dec-13,Apple Maps,Apple,
286,Software,Catch.com,United States,23-Dec-13,Siri,Apple,
287,Database analytics,Acunu,United States,13-Dec,iCloud,Apple,
288,Photography software,SnappyLabs,United States,4-Jan-14,Camera,Apple,
289,Software testing,Burstly,United States,21-Feb-14,"TestFlight, App Store",Apple,
290,microLED displays,LuxVue Technology,United States,2-May-14,,Apple,
291,Social search engine,Spotsetter,United States,6-Jun-14,Apple Maps,Apple,
292,Music streaming,Swell,United States,29-Jun-14,Apple Music,Apple,30000000
293,Book analytics,BookLamp,United States,29-Jun-14,iBooks,Apple,
294,"Headphones, music streaming (Beats Music)",Beats Electronics,United States,1-Aug-14,"iPhone, iTunes, Apple Music",Apple,
296,On-Screen Keyboard,Dryft,United States,2014,iOS Keyboard,Apple,
299,Database,FoundationDB,United States,24-Mar-15,iMessage Backend,Apple,
301,GPS,Coherent Navigation,United States,15-Apr,Apple Maps,Apple,
303,Mapping visualization and data collection,Mapsense,United States,15-Sep,Apple Maps,Apple,27500000
305,"Machine learning, Image recognition",Perceptio,United States,15-Sep,"Face ID, Animoji, Photos",Apple,
307,Emotion recognition,Emotient,United States,7-Jan-16,"Face ID, Animoji[103]",Apple,
308,Education technology,LearnSprout,United States,28-Jan-16,Classroom iPad App,Apple,
309,Augmented reality,Flyby Media,United States,29-Jan-16,ARKit,Apple,
310,Platform security,LegbaCore,United States,3-Feb-16,Exposed firmware exploit in Apple computers.[107],Apple,
311,Machine learning,Turi,United States,5-Aug-16,"Xcode, Core ML",Apple,200000000
312,Personal health info collection company,Gliimpse,United States,22-Aug-16,"HealthKit, CareKit, ResearchKit",Apple,
315,Automation and scripting app,Workflow,United States,23-Mar-17,Shortcuts (iOS 12)[119],Apple,
317,Artificial intelligence,Lattice Data,United States,13-May-17,Photos,Apple,200000000
321,Messaging assistant,init.ai,United States,17-Oct,Siri,Apple,
323,Quantum dot-based image sensors,InVisage Technologies,United States,9-Nov-17,"iPhone, iPad",Apple,
324,tools for searching digital spoken words,Pop Up Archive,United States,5-Dec-17,"iTunes, Apple Music",Apple,
326,Machine learning,Laserlike,United States,2018,"Artificial Intelligence, Siri",Apple,
327,"Artificial Intelligence, home monitoring",Silk Labs,United States,2018,,Apple,
328,Asthma monitoring,Tueo Health,United States,2018,,Apple,
329,Data science,Silicon Valley Data Science,United States,18-Jan,,Apple,
332,Lenses for augmented reality glasses,Akonia Holographics,United States,29-Aug-18,,Apple,
337,Autonomous vehicles,Drive.ai,United States,25-Jun-19,,Apple,
338,Smartphone modems,Intel's smartphone modem business,United States,25-Jul-19,Apple SOC,Apple,
339,Computer software,"Forethought, Inc.",United States,30-Jul-87,,Microsoft,14000000
341,PC database software,Fox Software,United States,29-Jun-92,,Microsoft,
343,Software,Altamira Software,United States,27-Sep-94,,Microsoft,
345,Software,One Tree Software,United States,15-Nov-94,,Microsoft,
346,3D graphics hardware,RenderMorphics,United States,23-Feb-95,,Microsoft,
348,Software,The Blue Ribbon SoundWorks,United States,17-Oct-95,,Microsoft,
349,Computer software,Netwise,United States,6-Nov-95,,Microsoft,
350,Programming,Bruce Artwick Organization,United States,12-Dec-95,,Microsoft,
351,Software,Vermeer Technologies,United States,16-Jan-96,,Microsoft,133000000
353,Software,Colusa Software,United States,12-Mar-96,,Microsoft,
354,Video game controllers,Exos,United States,16-Apr-96,,Microsoft,
355,Computer software,Aspect Software Engineering,United States,23-Apr-96,,Microsoft,14150000
356,Software,eShop Inc.,United States,11-Jun-96,,Microsoft,
357,Electronic games,Electric Gravity,United States,17-Jun-96,,Microsoft,
359,Internet software,NetCarta,United States,3-Feb-97,,Microsoft,20000000
360,Internet software,Interse,United States,3-Mar-97,,Microsoft,
361,Internet service provider,WebTV Networks,United States,30-Apr-97,,Microsoft,425000000
362,Java-based platforms,Dimension X,United States,7-May-97,,Microsoft,
363,Programming,Cooper & Peters,United States,13-Jun-97,,Microsoft,
365,Internet video software,VXtreme,United States,5-Aug-97,,Microsoft,
366,Internet software,Hotmail,United States,31-Dec-97,,Microsoft,500000000
367,Enterprise instant messaging software,Flash Communications,United States,23-Feb-98,,Microsoft,
368,Relationship management software,Firefly,United States,15-Apr-98,,Microsoft,40000000
369,Data sharing software,MESA Group,United States,28-Apr-98,,Microsoft,
370,Internet software,Valence Research,United States,25-Aug-98,,Microsoft,
371,Internet advertising network,LinkExchange,United States,6-Nov-98,,Microsoft,265000000
372,Computer game software,FASA Interactive,United States,11-Jan-99,,Microsoft,
373,Shopping online,CompareNet,United States,4-Mar-99,,Microsoft,
374,Software,Numinous Technologies,United States,26-Mar-99,,Microsoft,
375,Web music software,Interactive Objects-Digital,United States,27-Apr-99,,Microsoft,
376,Internet service provider,Jump Networks,United States,30-Apr-99,,Microsoft,
377,Wholesale computer software,ShadowFactor Software,United States,7-Jun-99,,Microsoft,
378,Internet software,Omnibrowse,United States,15-Jun-99,,Microsoft,
379,Defect detection software,Intrinsa,United States,28-Jun-99,,Microsoft,58900000
383,Computer programming,Softway Systems,United States,19-Sep-99,,Microsoft,
384,Software,Entropic,United States,29-Oct-99,,Microsoft,
385,Wholesale drawing software,Visio Corporation,United States,7-Jan-00,,Microsoft,1375000000
387,Internet service provider,Travelscape,United States,17-Mar-00,,Microsoft,89750000
388,Cable television,Titus Communications,United States,12-Apr-00,,Microsoft,944800000
389,Computer software,Bungie,United States,19-Jun-00,,Microsoft,
390,Software,NetGames,United States,12-Jul-00,,Microsoft,
391,Online music search engine,MongoMusic,United States,13-Sep-00,,Microsoft,65000000
392,Digital audio technology,Pacific Microsonics,United States,27-Sep-00,,Microsoft,
393,Video games,Digital Anvil,United States,5-Dec-00,,Microsoft,
394,Internet service provider,Vacationspot,United States,17-Mar-01,,Microsoft,70850000
395,Business management software,Great Plains Software,United States,5-Apr-01,,Microsoft,939884000
397,Video games,Ensemble Studios,United States,3-May-01,,Microsoft,
400,Online Spanish Portal,Yupi,United States,1-Jul-01,,Microsoft,
401,Travel agency,Classic Custom Vacations,United States,11-Mar-02,,Microsoft,78000000
402,Software,Sales Management Systems,United States,22-May-02,,Microsoft,
404,Computer consulting,Mobilocity,United States,29-Jul-02,,Microsoft,
405,Security software,XDegrees,United States,10-Sep-02,,Microsoft,
407,Online enterprise location,Vicinity,United States,13-Dec-02,,Microsoft,95849000
408,Software,Connectix,United States,25-Feb-03,,Microsoft,
410,Web conferencing,PlaceWare,United States,30-Apr-03,,Microsoft,200000000
411,Information technology,G.A. Sullivan,United States,27-May-03,,Microsoft,
413,Software,3DO Co-High Heat Baseball,United States,29-Aug-03,,Microsoft,450000
414,IP assets,Encore Bus Solutions-IP Asts,United States,22-Apr-04,,Microsoft,
415,Reporting systems,ActiveViews,United States,26-Apr-04,,Microsoft,
416,Personal search tool,Lookout Software,United States,16-Jul-04,,Microsoft,
417,Anti-spyware,GIANT Company Software,United States,16-Dec-04,,Microsoft,
418,Software,en'tegrate,United States,2-Mar-05,,Microsoft,
419,Community software,Groove Networks,United States,9-Apr-05,,Microsoft,
420,Messaging,MessageCast,United States,11-May-05,,Microsoft,7000000
422,Software,Sybari Software,United States,21-Jun-05,,Microsoft,
423,VoIP,Teleo,United States,29-Aug-05,,Microsoft,
424,Email protection,FrontBridge Technologies,United States,31-Aug-05,,Microsoft,
425,Certificate management software,Alacris,United States,19-Sep-05,,Microsoft,
428,Software,UMT-Software and IP Assets,United States,19-Jan-06,,Microsoft,
430,Software,Seadragon Software,United States,13-Feb-06,,Microsoft,
431,Software,Apptimum,United States,7-Mar-06,,Microsoft,
432,Internet software,Onfolio,United States,7-Mar-06,,Microsoft,
435,Video game advertising,Massive Incorporated,United States,4-May-06,,Microsoft,
436,Mapping software,Vexcel,United States,4-May-06,,Microsoft,
437,Web log analysis,DeepMetrix,United States,15-May-06,,Microsoft,
438,Analysis software,ProClarity,United States,6-Jun-06,,Microsoft,
440,application virtualization software,Softricity,United States,17-Jul-06,,Microsoft,
441,Software,Winternals Software,United States,18-Jul-06,,Microsoft,
444,Applications,DesktopStandard,United States,2-Oct-06,,Microsoft,
445,Natural language software,Colloquis,United States,12-Oct-06,,Microsoft,
446,Internet search engine,Medstory,United States,9-Mar-07,,Microsoft,
447,Software tools,devBiz Business Solutions,United States,26-Mar-07,,Microsoft,
449,Mobile phone software,Tellme Networks,United States,3-May-07,,Microsoft,
450,Business Intelligence software,SoftArtisans,United States,9-May-07,,Microsoft,
451,Information technology,Engyro,United States,4-Jun-07,,Microsoft,
452,Master Data Management,Stratature,United States,7-Jun-07,,Microsoft,
453,Networking,Savvis Inc-Data Centers,United States,29-Jun-07,,Microsoft,200000000
454,Ad Exchange,AdECN,United States,13-Aug-07,,Microsoft,
455,Advertising,aQuantive,United States,13-Aug-07,,Microsoft,6333000000
456,Search engine,Jellyfish.com,United States,2-Oct-07,,Microsoft,
457,Enterprise messaging software,Parlano,United States,5-Oct-07,,Microsoft,
462,Software,Calista Technologies,United States,22-Jan-08,,Microsoft,
463,Software,Caligari Corporation,United States,7-Feb-08,,Microsoft,
465,Advertising yield management software,Rapt,United States,14-Mar-08,,Microsoft,
466,Rootkit security software,Komoku,United States,19-Mar-08,,Microsoft,5000000
468,Online search software,Farecast,United States,14-Apr-08,,Microsoft,75000000
469,Mobile Internet software,Danger,United States,15-Apr-08,,Microsoft,500000000
471,Software,Kidaro,United States,26-May-08,,Microsoft,
473,Management software,Navic Networks,United States,18-Jun-08,,Microsoft,
475,Semantic Search,Powerset,United States,11-Aug-08,,Microsoft,
476,Data software,DATAllegro,United States,16-Sep-08,,Microsoft,
477,Search and e-commerce services,Greenfield Online,United States,28-Sep-08,,Microsoft,486000000
480,Bioinformatics solutions for life science research,Rosetta Biosoftware,United States,1-Jun-09,,Microsoft,
481,Software,Interactive Supercomputing,United States,22-Sep-09,,Microsoft,
483,Software for the healthcare industry,"Sentillion, Inc.",United States,2-Feb-10,,Microsoft,
484,.Net monitoring technology,"AVIcode, Inc.",United States,6-Oct-10,,Microsoft,
485,3-D sensing technology,"Canesta, Inc.",United States,29-Oct-10,,Microsoft,
487,Software,Prodiance,United States,7-Jun-11,,Microsoft,
488,Video games,Twisted Pixel Games,United States,12-Oct-11,,Microsoft,
489,Video search,Videosurf,United States,22-Nov-11,,Microsoft,100000000
490,Social networking,Yammer,United States,25-Jun-12,,Microsoft,1200000000
491,Multi touch hardware,Perceptive Pixel,United States,9-Jul-12,,Microsoft,
492,Two-factor authentication system,PhoneFactor,United States,4-Oct-12,,Microsoft,
493,Cloud-storage appliance vendor,StorSimple,United States,16-Oct-12,,Microsoft,
494,Marketing automation firm,MarketingPilot,United States,17-Oct-12,,Microsoft,
495,Home automation,id8 Group R2 Studios,United States,3-Jan-13,,Microsoft,
496,Peer-to-peer (P2P) media distribution,Pando Networks,United States,2-Feb-13,,Microsoft,
497,Cloud monitoring,MetricsHub,United States,4-Mar-13,,Microsoft,
502,API management,Apiphany,United States,25-Oct-13,,Microsoft,
503,Customer service software,Parature,United States,7-Jan-14,,Microsoft,100000000
507,Disaster recovery solutions,InMage,United States,11-Jul-14,,Microsoft,
511,Mobile Email Apps,Acompli,United States,2-Dec-14,,Microsoft,
514,Statistical computing and predictive analytics,Revolution Analytics,United States,23-Jan-15,,Microsoft,
515,Sunrise Calendar applications,"Sunrise Atelier, Inc.",United States,4-Feb-15,,Microsoft,100000000
517,PowerPoint collaboration,LiveLoop,United States,26-Mar-15,,Microsoft,
520,Application management,BlueStripe Software,United States,10-Jun-15,,Microsoft,
521,Enterprise field service,FieldOne Systems LLC,United States,16-Jul-15,,Microsoft,
523,Sales-gamification,"Incent Games, LLC",United States,3-Aug-15,,Microsoft,
524,Organisational analytics,"VoloMetrix, Inc.",United States,3-Sep-15,,Microsoft,
525,Mobile lock screen software,"Double Labs, Inc.",United States,11-Sep-15,,Microsoft,
528,"MileIQ, a mileage tracking application","Mobile Data Labs, Inc.",United States,5-Nov-15,,Microsoft,
530,Big data analytics,Metanautix,United States,18-Dec-15,,Microsoft,
531,Mobile communications,"Talko, Inc.",United States,21-Dec-15,,Microsoft,
535,Mobile application development,Xamarin,United States,24-Feb-16,,Microsoft,
537,Conversation as a Service,Wand Labs,United States,16-Jun-16,,Microsoft,
538,Video game streaming,Beam,United States,8-Aug-16,,Microsoft,
539,AI-powered scheduling assistant service,Genee,United States,20-Aug-16,,Microsoft,
540,Professional social network,LinkedIn,United States,8-Dec-16,,Microsoft,26200000000
543,Container management,Deis,United States,10-Apr-17,,Microsoft,
544,Intentional programming,Intentional Software,United States,18-Apr-17,,Microsoft,
547,Cloud HPC,Cycle Computing,United States,15-Aug-17,,Microsoft,
548,Virtual reality,AltspaceVR,United States,3-Oct-17,,Microsoft,
549,Cinemagraphic photo app,SWNG,United States,7-Nov-17,,Microsoft,
550,Data management,Avere Systems,United States,3-Jan-18,,Microsoft,
551,Gaming backend service,Playfab,United States,29-Jan-18,,Microsoft,
552,Conversational AI,Semantic Machines,United States,18-May-18,,Microsoft,400000000
554,Video games,Undead Labs,United States,11-Jun-18,,Microsoft,
557,"Education, video discussion platform",Flipgrid,United States,18-Jun-18,,Microsoft,
558,Industrial AI platform,Bonsai,United States,20-Jun-18,,Microsoft,
559,Artificial intelligence,Lobe,United States,13-Sep-18,,Microsoft,
560,Employee engagement,Glint,United States,9-Oct-18,,Microsoft,400000000
561,Software development and version control platform,GitHub,United States,26-Oct-18,,Microsoft,7500000000
562,Video games,inXile Entertainment,United States,10-Nov-18,,Microsoft,
563,Video games,Obsidian Entertainment,United States,10-Nov-18,,Microsoft,
564,Conversational AI,XOXCO,United States,14-Nov-18,,Microsoft,
565,Application provisioning and virtualization,FSLogix,United States,19-Nov-18,,Microsoft,
566,Social networks for design and development,Spectrum,United States,30-Nov-18,,Microsoft,
567,Database management,Citus Data,United States,24-Jan-19,,Microsoft,
568,Database management,DataSense,United States,4-Feb-19,,Microsoft,
569,Real-time operating systems,Express Logic,United States,18-Apr-19,,Microsoft,
570,Electronic game development studio,Double Fine Productions,United States,9-Jun-19,,Microsoft,
571,Data privacy and Governance service,BlueTalon,United States,29-Jul-19,,Microsoft,
572,Retail E-Commerce Improvement,PromoteIQ,United States,5-Aug-19,,Microsoft,
573,Java Software Optimization,jClarity,United States,19-Aug-19,,Microsoft,
574,Cloud migration,Movere,United States,5-Sep-19,,Microsoft,
998,,Junglee,United States,4-Aug-98,,Amazon,250000000
999,,PlanetAll,United States,4-Aug-98,,Amazon,
1000,,LiveBid.com,United States,12-Apr-99,,Amazon,300000000
1001,,Accept.com,United States,27-Apr-99,,Amazon,101700000
1002,,Alexa Internet,United States,27-Apr-99,Alexa Internet,Amazon,250000000
1003,,e-Niche Incorporated,United States,27-Apr-99,,Amazon,
1004,,Convergence Corporation,United States,4-Oct-99,,Amazon,23000000
1005,,Tool Crib of the North (Online and Catalog Sales Division),United States,9-Nov-99,,Amazon,
1006,,Back to Basics Toys,United States,30-Nov-99,,Amazon,
1007,,Leep Technology Inc.,United States,31-Dec-99,,Amazon,
1008,,MindCorps Incorporated,United States,1999,,Amazon,
1009,,Egghead Software,United States,5-Dec-01,,Amazon,6100000
1010,,OurHouse.com,United States,1-Dec,,Amazon,
1012,,BookSurge,United States,4-Apr-05,CreateSpace,Amazon,
1014,,CustomFlix,United States,6-Jul-05,CreateSpace,Amazon,
1015,,smallparts.com,United States,2005,Amazon Business,Amazon,
1016,,Shopbop,United States,27-Feb-06,Shopbop,Amazon,
1017,,TextPayMe,United States,1-Oct-06,Amazon Payments,Amazon,3000000
1019,,Brilliance Audio,United States,23-May-07,Brilliance Audio,Amazon,
1020,,Withoutabox,United States,16-Jan-08,,Amazon,
1021,,Audible,United States,28-Jan-08,Audible,Amazon,300000000
1022,,Fabric.com,United States,25-Jun-08,Fabric.com,Amazon,
1024,,Shelfari,United States,26-Aug-08,Goodreads,Amazon,
1025,,Reflexive Entertainment,United States,21-Oct-08,Reflexive Entertainment,Amazon,
1026,,Box Office Mojo,United States,17-Dec-08,Box Office Mojo,Amazon,
1027,,Lexcycle,United States,27-Apr-09,Amazon Kindle,Amazon,
1028,,SnapTell,United States,18-Jun-09,,Amazon,
1029,,Zappos,United States,2-Nov-09,Zappos,Amazon,1200000000
1030,,Touchco,United States,3-Feb-10,Amazon Kindle,Amazon,
1031,,Woot,United States,2-Jul-10,Woot,Amazon,110000000
1032,,Amie Street,United States,8-Sep-10,Songza,Amazon,
1034,,Quidsi,United States,8-Nov-10,,Amazon,545000000
1035,,Toby Press,United States,18-Nov-10,,Amazon,
1039,,Yap,United States,11-Sep,Amazon Echo,Amazon,
1040,,Double Helix Games,United States,5-Sep-11,Double Helix Games,Amazon,
1041,,Teachstreet,United States,2-Feb-12,,Amazon,
1042,,Kiva Systems,United States,19-Mar-12,Amazon Robotics,Amazon,775000000
1044,,Avalon Books,United States,17-Apr-12,Amazon Publishing,Amazon,
1045,,UpNext,United States,2-Jul-12,UpNext,Amazon,2500000
1046,,IVONA Software,United States,24-Jan-13,Amazon Echo,Amazon,
1047,,Goodreads,United States,28-Mar-13,Goodreads,Amazon,1000000000
1049,,"TenMarks Education, Inc.",United States,10-Oct-13,"TenMarks Education, Inc.",Amazon,
1050,,ComiXology,United States,10-Apr-14,ComiXology,Amazon,
1051,,Amiato,United States,14-May,Amazon Web Services,Amazon,
1052,,Twitch Interactive,United States,25-Aug-14,Twitch Interactive,Amazon,970000000
1053,,Rooftop Media,United States,25-Aug-14,Audible,Amazon,
1054,,GoodGame,United States,9-Dec-14,Twitch Interactive,Amazon,
1056,,2lemetry,United States,12-Mar-15,Amazon Web Services,Amazon,
1057,,Shoefitr,United States,10-Apr-15,,Amazon,
1058,,ClusterK,United States,29-Apr-15,Amazon Web Services,Amazon,35000000
1059,,AppThwack,United States,14-Jul-15,Amazon Web Services,Amazon,
1060,,Elemental Technologies,United States,3-Sep-15,AWS Elemental,Amazon,500000000
1061,,Safaba Translation Systems,United States,25-Sep-15,Amazon Web Services,Amazon,
1062,,Biba Systems,United States,15-Sep,,Amazon,
1063,,Orbeus,United States,1-Dec-15,Amazon Web Services,Amazon,
1067,,Cloud9 IDE,United States,14-Jul-16,Amazon Web Services,Amazon,
1068,,"Curse, Inc.",United States,16-Aug-16,Curse LLC,Amazon,
1070,,Partpic,United States,2-Nov-16,,Amazon,
1071,,harvest.ai,United States,9-Jan-17,Amazon Web Services,Amazon,20000000
1072,,Thinkbox Software,United States,6-Mar-17,Amazon Web Services,Amazon,
1073,,Do.com,United States,8-Mar-17,Amazon Web Services,Amazon,
1074,Consumer Goods,Whole Foods Market,United States,16-Jun-17,Whole Foods Market,Amazon,13700000000
1076,,Graphiq,United States,20-Jul-17,Amazon Web Services,Amazon,50000000
1079,,Body Labs,United States,3-Oct-17,Body Labs,Amazon,60000000
1080,,Goo Technologies,United States,28-Nov-17,Amazon Sumerian,Amazon,
1081,,Dispatch,United States,17-Nov,Amazon Scout,Amazon,
1082,,Blink Home,United States,17-Dec,Blink Home,Amazon,90000000
1083,,Sqrrl,United States,23-Jan-18,Amazon Web Services,Amazon,40000000
1084,,Ring,United States,27-Feb-18,Ring,Amazon,839000000
1085,,PillPack,United States,28-Jun-18,PillPack,Amazon,753000000
1089,,Eero,United States,11-Feb-19,Eero,Amazon,97000000
1090,,Canvas Technology,United States,10-Apr-19,Amazon Robotics,Amazon,
1091,,Sizmek Ad Server and Sizmek Dynamic Creative Optimization,United States,31-May-19,,Amazon,
1092,,Bebo,United States,18-Jun-19,Twitch Interactive,Amazon,25000000
1095,,INLT,United States,24-Sep-19,INLT,Amazon,
331,Digital magazine subscription service,Texture,"United States, Canada",12-Mar-18,"Apple News, News+",Apple,
744,Social search,Summize,United States,15-Jul-08,,Twitter,
747,Tweetie,Atebits,United States,9-Apr-10,,Twitter,
751,Web and desktop client,TweetDeck,United States,25-May-11,,Twitter,40000000
760,Social media intelligence,Hotspots.io,United States,16-Apr-12,,Twitter,
761,Personalized email marketing,RestEngine,United States,10-May-12,,Twitter,
767,Social TV analytics,Bluefin Labs,United States,6-Feb-13,,Twitter,80000000
771,Local Discovery,Spindle Labs,United States,19-Jun-13,,Twitter,
772,,Locomatix,United States,2-Aug-13,,Twitter,
784,Deep Learning,Madbits,United States,17-Jul-14,,Twitter,
792,Machine Learning,Whetlab,United States,17-Jun-15,,Twitter,
794,Push Notification Services,ZeroPush,United States,21-Oct-15,,Twitter,
795,Employee and Manager Feedback Tool,Peer,United States,8-Apr-16,,Twitter,
797,Social Apps Developer,"Yes, Inc",United States,1-Dec-16,,Twitter,
798,Spam & Fraud Prevention Service,Smyte,United States,21-Jun-18,,Twitter,
859,,Endaga,United States,3-Oct-15,,Facebook,
863,,Nascent Objects,United States,19-Sep-16,,Facebook,
576,Business strategy consulting,Mainspring,United States,7-Jun-01,,IBM,80000000
577,Database software,Informix Corporation,United States,2-Jul-01,,IBM,1000000000
578,Software,"CrossWorlds Software, Inc.",United States,14-Jan-02,,IBM,129000000
580,Enterprise storage,"Trellisoft, Inc.",United States,19-Aug-02,,IBM,
582,Business Consulting and Technology Services,PWC Consulting from PricewaterhouseCoopers,United States,2-Oct-02,,IBM,3500000000
583,Software,Access360,United States,6-Oct-02,,IBM,
584,Product lifecycle management,EADS Matra Datavision,United States,7-Oct-02,,IBM,
586,Software Development,Rational Software Corporation,United States,21-Feb-03,,IBM,2100000000
588,Software,Information Laboratory,United States,1-Jul-03,,IBM,
590,Enterprise Information Integration,CrossAccess Corporation,United States,17-Oct-03,,IBM,
591,Automated Self-Checkout Systems,"Productivity Solutions, Inc.",United States,13-Nov-03,,IBM,
592,Content management software,"Green Pasture Software, Inc.",United States,17-Dec-03,,IBM,
593,Product information management,Trigo Technologies,United States,6-Apr-04,,IBM,
596,Infrastructure management,Candle Corporation,United States,7-Jun-04,,IBM,
597,Business Intelligence,Alphablox Corporation,United States,14-Jul-04,,IBM,
598,Application management software,Cyanea Systems,United States,29-Jul-04,,IBM,
599,Enterprise Information Integration,Venetica,United States,7-Oct-04,,IBM,
601,Business process services,Liberty Insurance Services,United States,23-Nov-04,,IBM,
604,Identity management,Systems Research & Development,United States,7-Jan-05,,IBM,
605,Application Services,Corio,United States,16-Mar-05,,IBM,182000000
606,Enterprise Information Integration,Ascential Software Corporation,United States,29-Apr-05,,IBM,1100000000
607,Application Server,Gluecode Software,United States,10-May-05,,IBM,
610,Asset Management,Isogon Corporation,United States,27-Jul-05,,IBM,
612,Service Oriented Architecture (SOA),"DataPower Technology, Inc.",United States,14-Oct-05,,IBM,
613,Information management software,"iPhrase Systems, Inc.",United States,1-Nov-05,,IBM,
615,Network management,"Collation, Inc.",United States,15-Nov-05,,IBM,
616,Portal-based tools,"Bowstreet, Inc.",United States,20-Dec-05,,IBM,
617,Semiconductor Manufacturing software,ARGUS Semiconductor Software From INFICON,United States,27-Jan-06,,IBM,
618,IT Financial Management,"CIMS Lab, Inc.",United States,20-Jan-06,,IBM,
619,Supply chain optimization,"Viacore, Inc.",United States,8-Feb-06,,IBM,
620,Network management,"Micromuse, Inc.",United States,14-Feb-06,,IBM,865000000
621,Identity management,Language Analysis Systems,United States,16-Mar-06,,IBM,
622,Software Development,"BuildForge, Inc.",United States,2-May-06,,IBM,
623,Metadata management,"Unicorn Solutions, Inc.",United States,5-May-06,,IBM,
625,Service Oriented Architecture software,"Webify Solutions, Inc",United States,1-Aug-06,,IBM,
628,Asset Management,MRO Software,United States,5-Oct-06,,IBM,740000000
629,Content management software,FileNet Corporation,United States,12-Oct-06,,IBM,1600000000
630,Information security,Internet Security Systems (ISS),United States,20-Oct-06,,IBM,1300000000
631,Management consulting,Palisades Technology Partners,United States,20-Oct-06,,IBM,
633,Telecommunications Management,Vallent Corporation,United States,13-Feb-07,,IBM,
634,Data Mobility,Softek Storage Solutions Corporation,United States,1-Mar-07,,IBM,
635,Enterprise Data Consulting,"BlackDot Networks, Inc.",United States,18-Mar-07,,IBM,
637,Security Software Testing,Watchfire Corporation,United States,20-Jul-07,,IBM,
638,Web conferencing and communications,WebDialogs,United States,21-Aug-07,,IBM,
641,Business Intelligence,"Princeton Softech, Inc.",United States,10-Sep-07,,IBM,
642,Storage Consulting and Technology Services,NovusCG,United States,24-Oct-07,,IBM,
644,Business Intelligence,AptSoft Corporation,United States,18-Jan-08,,IBM,
647,Data backup services,Arsenal Digital Solutions,United States,31-Jan-08,,IBM,
649,Enterprise Single Sign-On,"Encentuate, Inc.",United States,11-Mar-08,,IBM,
651,Data De-duplication,Diligent Technologies,United States,18-Apr-08,,IBM,200000000
653,Data Feed Connectors,InfoDyne Corporation,United States,29-Apr-08,,IBM,
654,"Mainframe, System Z technologies",Platform Solutions,United States,2-Jul-08,,IBM,
658,Data Discovery Software,Exeros Assets,United States,5-May-09,,IBM,
659,Statistical analysis software,SPSS Inc.,United States,28-Jul-09,,IBM,1200000000
660,Source code analysis,Ounce Labs,United States,28-Jul-09,,IBM,
663,Business Process Management,Lombardi,United States,16-Dec-09,,IBM,
664,Public sector consulting,"National Interest Security Company, LLC",United States,20-Jan-10,,IBM,
665,Data integrity software,Initiate Systems,United States,3-Feb-10,,IBM,
666,Network Automation software,Intelliden Inc.,United States,16-Feb-10,,IBM,
667,Cloud Integration,Cast Iron Systems,United States,3-May-10,,IBM,190000000
668,Business software integration,Sterling Commerce,United States,24-May-10,,IBM,1400000000
669,Web Analytics,Coremetrics,United States,15-Jun-10,,IBM,
670,Security and IT automation software,"BigFix, Inc.",United States,1-Jul-10,,IBM,
671,Data Compression,Storwize,United States,29-Jul-10,,IBM,140000000
672,Data capture and Content Management,Datacap,United States,10-Aug-10,,IBM,
673,Marketing planning software,Unica Corporation,United States,13-Aug-10,,IBM,480000000
674,Integrated risk management solutions,OpenPages,United States,15-Sep-10,,IBM,
675,Data warehousing and analytics,Netezza,United States,20-Sep-10,,IBM,1700000000
676,Networking,BLADE Network Technologies,United States,27-Sep-10,,IBM,
677,Legal risk management,PSS Systems,United States,13-Oct-10,,IBM,
679,Facility and Real Estate Management,Tririga Inc.,United States,22-Mar-11,,IBM,
682,Security Intelligence,Q1 Labs[121],United States,4-Oct-11,,IBM,
685,Cloud-based Retail Analytics,DemandTec,United States,8-Dec-11,,IBM,440000000
686,Supply Chain Analytics,Emptoris,United States,15-Dec-11,,IBM,
690,Enterprise Search Software,Vivisimo,United States,25-Apr-12,,IBM,
691,Customer Experience Analytics Software,Tealeaf Technology,United States,2-May-12,,IBM,
692,Solid State Storage,Texas Memory Systems,United States,16-Aug-12,,IBM,
693,Human Capital Solutions,Kenexa Corporation,United States,27-Aug-12,,IBM,1400000000
695,Big Data Analysis,StoredIQ,United States,19-Dec-12,,IBM,
696,Business Analytics,Star Analytics,United States,1-Feb-13,,IBM,
697,Software delivery automation,UrbanCode,United States,22-Apr-13,,IBM,
698,Cloud Computing Infrastructure,SoftLayer Technologies,United States,4-Jun-13,,IBM,2000000000
703,In-app mobile messaging and push notification tools,Xtify,United States,3-Oct-13,,IBM,
704,Mobile Device Management,Fiberlink Communications,United States,13-Nov-13,,IBM,330000000
705,Data Transfer Technology,"Aspera, Inc.",United States,19-Dec-13,,IBM,
706,Database-as-a-Service,"Cloudant, Inc.",United States,24-Feb-14,,IBM,
707,Behavioral Marketing Automation,"Silverpop Systems, Inc.",United States,10-Apr-14,,IBM,
708,Cognitive computing (conversational artificial intelligence platform),Cognea,United States,19-May-14,,IBM,
710,Cloud Security,Lighthouse Security Group,United States,11-Aug-14,,IBM,
711,"Natural language processing, big data",AlchemyAPI,United States,4-Mar-15,,IBM,
712,"Web Search Engine, Cognitive Computing",Blekko,United States,27-Mar-15,,IBM,
713,Healthcare analytics,Explorys,United States,13-Apr-15,,IBM,
714,Health management software,Phytel,United States,13-Apr-15,,IBM,
715,Private Cloud as a Service,Bluebox,United States,3-Jun-15,,IBM,
716,Database as a Service,Compose Inc.,United States,23-Jul-15,,IBM,
717,Healthcare imaging software,Merge Healthcare Inc.,United States,6-Aug-15,,IBM,1000000000
718,Mobile API capabilities,StrongLoop Inc.,United States,10-Sep-15,,IBM,
719,Consulting services for Workday applications,Meteorix LLC,United States,28-Sep-15,,IBM,
720,"Weather data sources and analytics, related online and mobile products",The Weather Company digital assets,United States,28-Oct-15,,IBM,
721,Cloud brokerage software and cloud management,"Gravitant, Inc",United States,3-Nov-15,,IBM,
722,Object-based storage software,Cleversafe,United States,6-Nov-15,,IBM,1309000000
723,Cloud-based video management,Clearleap,United States,8-Dec-15,,IBM,
725,Streaming video,Ustream,United States,21-Jan-16,,IBM,
726,Digital marketing and creative agency,Resource/Ammirati,United States,28-Jan-16,,IBM,
729,"Cloud-based Healthcare data, analytics and insights",Truven Health Analytics,United States,18-Feb-16,,IBM,2600000000
730,"Cyber security, incident response platform",Resilient Systems,United States,29-Feb-16,,IBM,
732,Salesforce systems integrator and professional services,Blue Wolf Group LLC,United States,31-Mar-16,,IBM,200000000
734,Risk management and regulatory compliance,Promontory Financial Group,United States,29-Sep-16,,IBM,
736,Information security,Agile 3 Solutions,United States,3-Feb-17,,IBM,
737,Cloud services,Verizon - Cloud services,United States,2-May-17,,IBM,
741,Aggregation/analytics software for financial services firms,"Armanta, Inc.",United States,3-May-18,,IBM,
743,Open Source Software,Red Hat,United States,9-Jul-19,,IBM,34000000000
801,,facebook.com domain name,United States,23-Aug-05,name change from Thefacebook.com,Facebook,200000
802,,ParaKey,United States,19-Jul-07,Facebook Mobile,Facebook,
803,,ConnectU,United States,23-Jun-08,(Court settlement),Facebook,31000000
804,,FriendFeed,United States,10-Aug-09,,Facebook,47500000
806,,Divvyshot,United States,2-Mar-10,Facebook Photos,Facebook,
807,,Friendster patents,United States,13-May-10,,Facebook,40000000
808,,ShareGrove,United States,26-May-10,Facebook Groups,Facebook,
809,,Zenbe,United States,6-Jul-10,Facebook Messenger,Facebook,
810,,Nextstop,United States,8-Jul-10,,Facebook,2500000
811,,Chai Labs,United States,15-Aug-10,,Facebook,10000000
812,,Hot Potato,United States,20-Aug-10,Facebook Places,Facebook,10000000
813,,Drop.io,United States,29-Oct-10,,Facebook,10000000
814,,FB.com domain name,United States,15-Nov-10,,Facebook,8500000
815,,Rel8tion,United States,25-Jan-11,,Facebook,
816,,Beluga,United States,2-Mar-11,Facebook Messenger,Facebook,
818,,RecRec,United States,24-Mar-11,,Facebook,
819,,DayTum,United States,27-Apr-11,,Facebook,
821,,MailRank,United States,9-Jun-11,,Facebook,
822,,Push Pop Press,United States,2-Aug-11,,Facebook,
823,,Friend.ly,United States,10-Oct-11,,Facebook,
824,,Strobe,United States,8-Nov-11,Mobile engineering team,Facebook,
825,,Gowalla,United States,2-Dec-11,,Facebook,
826,,Caffeinatedmind,United States,20-Feb-12,,Facebook,
827,,Instagram,United States,9-Apr-12,,Facebook,1000000000
828,,Tagtile,United States,13-Apr-12,,Facebook,
829,,Glancee,United States,5-May-12,,Facebook,
831,,Karma,United States,21-May-12,Facebook Gifts,Facebook,
833,,Spool,United States,14-Jul-12,Mobile engineering team,Facebook,
835,,Threadsy,United States,24-Aug-12,,Facebook,
836,,Atlas Solutions,United States,28-Feb-13,,Facebook,100000000
837,,osmeta,United States,13-Mar,,Facebook,
838,,Storylane (Mixtent),United States,13-Mar,,Facebook,
839,,Hot Studio,United States,14-Mar-13,,Facebook,
840,,Spaceport,United States,23-Apr-13,,Facebook,
841,,Parse,United States,25-Apr-13,,Facebook,85000000
843,,Jibbigo,United States,12-Aug-13,,Facebook,
845,,SportStream,United States,17-Dec-13,,Facebook,
847,,Branch,United States,13-Jan-14,,Facebook,15000000
848,Messaging,WhatsApp,United States,19-Feb-14,,Facebook,19000000000
849,,Oculus VR,United States,25-Mar-14,,Facebook,2000000000
852,,PrivateCore,United States,7-Aug-14,,Facebook,
853,,LiveRail,United States,14-Aug-14,,Facebook,500000000
854,,WaveGroup Sound,United States,26-Aug-14,,Facebook,
855,,Wit.ai,United States,6-Jan-15,,Facebook,
856,,Quickfire Networks,United States,8-Jan-15,,Facebook,
857,,"TheFind, Inc.",United States,14-Mar-15,,Facebook,
865,,CrowdTangle,United States,11-Nov-16,,Facebook,
866,,Faciometrics,United States,16-Nov-16,,Facebook,
868,,Ozlo,United States,31-Jul-17,Facebook Messenger,Facebook,
870,,tbh,United States,16-Oct-17,,Facebook,
871,,Confirm,United States,23-Jan-18,,Facebook,
874,,Vidpresso,United States,13-Aug-18,,Facebook,
877,,GrokStyle,United States,8-Feb-19,,Facebook,
879,,CTRL-labs,United States,"September, 2019",Facebook Reality Labs,Facebook,750000000
881,Web search engine,Net Controls,United States,Sep-97,Yahoo! Search,Yahoo,1400000
882,Web-based email,Four11,United States,8-Oct-97,Yahoo! Mail,Yahoo,92000000
883,Online game,Classic Games,United States,31-Mar-98,Yahoo! Games,Yahoo,
884,Fantasy sport,Sportasy,United States,29-Apr-98,Yahoo! Fantasy Sports,Yahoo,
885,Web application,Viaweb,United States,8-Jun-98,Yahoo! Store,Yahoo,48600000
886,Calendaring software,Webcal,United States,17-Jul-98,Yahoo Calendar,Yahoo,21000000
887,Direct marketing,Yoyodyne,United States,12-Oct-98,Yahoo! Search Marketing,Yahoo,29600000
888,Data analysis,Hyperparallel,United States,Dec-98,Yahoo! Search,Yahoo,8100000
889,Internet radio,Broadcast.com,United States,1-Apr-99,Yahoo! Music Radio (defunct),Yahoo,5700000000
890,Internet service provider,Encompass,United States,27-May-99,Yahoo!,Yahoo,130000000
891,Web hosting service,GeoCities,United States,28-May-99,Yahoo! GeoCities,Yahoo,3600000000
892,Content delivery network,Online Anywhere,United States,2-Jun-99,Yahoo! TV,Yahoo,80000000
893,E-commerce payment systems,Arthas.com,United States,23-Mar-00,Yahoo! Store,Yahoo,
894,Internet service provider,MyQuest,United States,5-Apr-00,Yahoo!,Yahoo,
895,E-commerce,VivaSmart,United States,30-Jun-00,Yahoo! Shopping,Yahoo,8900000
896,Electronic mailing list,eGroups,United States,31-Aug-00,Yahoo! Groups,Yahoo,432000000
899,Online music store,LAUNCH Media,United States,28-Jun-01,Yahoo! Music,Yahoo,12000000
900,Job search engine,Hotjobs.com,United States,12-Feb-02,Yahoo! HotJobs,Yahoo,436000000
901,Internet service provider,Inktomi Corporation,United States,23-Dec-02,Yahoo! Search,Yahoo,235000000
902,Search engine marketing,"Overture Services, Inc.",United States,14-Jun-03,Yahoo! Search Marketing,Yahoo,1630000000
905,Web-based email,Oddpost,United States,12-Jul-04,Yahoo! Mail,Yahoo,30000000
906,Audio player,Musicmatch Jukebox,United States,14-Sep-04,Yahoo! Music,Yahoo,160000000
908,Web-based email,Stata Labs,United States,22-Oct-04,Yahoo! Mail,Yahoo,
909,Mobile media,WUF Networks,United States,7-Dec-04,Yahoo! Mobile,Yahoo,
910,Wireless data sharing,Verdisoft,United States,11-Feb-05,Yahoo! Mobile,Yahoo,58000000
911,Online game,Stadeon,United States,4-Mar-05,Yahoo! Games,Yahoo,
914,Voice over Internet Protocol,Dialpad,United States,14-Jun-05,Yahoo! Voice,Yahoo,
915,Weblog software,blo.gs,United States,14-Jun-05,Yahoo! 360°,Yahoo,
916,Widget engine,Konfabulator,United States,25-Jul-05,Yahoo! Widgets,Yahoo,
917,Calendaring software,Upcoming.org,United States,4-Oct-05,Yahoo! Local,Yahoo,
919,Social bookmarking,del.icio.us,United States,12-Dec-05,del.icio.us,Yahoo,20000000
920,Online music store,Webjay,United States,9-Jan-06,Yahoo! Music,Yahoo,
921,Web search engine,SearchFox,United States,17-Jan-06,Yahoo! Search,Yahoo,
922,Digital video recorder,Meedio,United States,18-Apr-06,Yahoo! Go,Yahoo,
923,Online video editing,Jumpcut.com,United States,27-Sep-06,Yahoo! Video,Yahoo,
924,Online advertising,AdInterax,United States,17-Oct-06,Yahoo! Search Marketing,Yahoo,
925,Social media,Bix.com,United States,16-Nov-06,Bix,Yahoo,
928,Social network service,MyBlogLog,United States,8-Jan-07,MyBlogLog,Yahoo,
929,Online advertising,Right Media,United States,29-Apr-07,Yahoo! Search Marketing,Yahoo,850000000
930,College sports,Rivals.com,United States,20-Jun-07,Yahoo! Sports,Yahoo,
931,Advertising network,BlueLithium,United States,4-Sep-07,Yahoo! Search Marketing,Yahoo,300000000
932,News site,BuzzTracker,United States,14-Sep-07,Yahoo! News,Yahoo,
933,Collaborative software,Zimbra,United States,17-Sep-07,Zimbra,Yahoo,350000000
934,Browser extension,FoxyTunes,United States,5-Feb-08,FoxyTunes,Yahoo,
935,Video on demand,Maven Networks,United States,12-Feb-08,Yahoo! Video,Yahoo,160000000
936,Browser extension,Inquisitor,United States,9-May-08,Inquisitor,Yahoo,
937,Webmail applications,Xoopit,United States,22-Jul-09,Yahoo! Mail,Yahoo,20000000
939,Sports Social media,citizensports.com,United States,17-Mar-10,citizensports.com,Yahoo,
940,Content farm,Associated Content,United States,18-May-10,Associated Content,Yahoo,
944,Recognize TV content,IntoNow,United States,25-Apr-11,IntoNow,Yahoo,20000000
945,Data driven advertising,Interclick,United States,1-Nov-11,Yahoo! Ad Network,Yahoo,270000000
946,Social recommendation,Stamped,United States,25-Oct-12,Yahoo! Mobile,Yahoo,
947,OnTheAir,OnTheAir,United States,4-Dec-12,IntoNow,Yahoo,
948,Social network,Snip.it,United States,22-Jan-13,Snip.it,Yahoo,10000000
949,Social recommendation,Alike,United States,12-Feb-13,Yahoo! Mobile,Yahoo,
950,Social recommendation,Jybe,United States,20-Mar-13,Jybe,Yahoo,
952,Productivity,Astrid,United States,1-May-13,Astrid,Yahoo,
953,Real-time surveys,GoPollGo,United States,9-May-13,Yahoo Mobile Properties and Apps,Yahoo,
954,Flight rewards management,MileWise,United States,9-May-13,Yahoo Mobile Properties and Apps,Yahoo,
955,Mobile gaming,Loki Studios,United States,10-May-13,Yahoo Mobile Properties and Apps,Yahoo,
956,Blogging,Tumblr,United States,17-May-13,,Yahoo,1100000000
957,Online gaming,PlayerScale,United States,23-May-13,Yahoo Mobile Properties and Apps,Yahoo,
958,Mobile Photography Apps,GhostBird Software,United States,12-Jun-13,Yahoo Mobile Properties and Apps,Yahoo,
959,Video Conferencing,Rondee,United States,13-Jun-13,,Yahoo,
960,Fantasy Sports,Bignoggins Productions,United States,2-Jul-13,,Yahoo,
961,Automated Video Production,Qwiki,United States,2-Jul-13,,Yahoo,50000000
962,CRM,Xobni,United States,3-Jul-13,,Yahoo,68000000
964,ecommerce Analytics,Lexity,United States,31-Jul-13,,Yahoo,35000000
965,News Aggregator,Rockmelt,United States,2-Aug-13,,Yahoo,
966,Image Recognition,IQ Engines,United States,23-Aug-13,Flickr,Yahoo,
967,Sports,Hitpost,United States,30-Sep-13,,Yahoo,
968,Advertising,Bread,United States,11-Oct-13,,Yahoo,
969,Image Recognition,LookFlow,United States,23-Oct-13,Flickr,Yahoo,
971,Video sharing,Ptch,United States,3-Dec-13,,Yahoo,6500000
972,Live and on demand music playing,EvntLive,United States,6-Dec-13,,Yahoo,
973,Cross Platform Video Streaming,Quik.io,United States,9-Dec-13,,Yahoo,
974,Content Delivery Network,PeerCDN,United States,17-Dec-13,,Yahoo,
975,Intelligent homescreen for the Android OS,Aviate,United States,7-Jan-14,,Yahoo,
976,Mobile Marketing,SPARQ,United States,21-Jan-14,,Yahoo,
978,Conversation platform,Tomfoolery,United States,28-Jan-14,,Yahoo,
979,Time Management App,Incredible Labs,United States,30-Jan-14,,Yahoo,
980,Social Diary,Wander,United States,11-Feb-14,,Yahoo,
981,Technical Recruiting,Distill,United States,13-Feb-14,,Yahoo,
982,Social media information transformation,Vizify,United States,5-Mar-14,,Yahoo,
983,Mobile Messaging,Blink,United States,13-May-14,,Yahoo,
984,Photo Management,PhotoDrive,United States,10-Jun-14,,Yahoo,
986,Mobile Analytics,Flurry,United States,21-Jul-14,,Yahoo,200000000
988,Advertising,Luminate,United States,5-Sep-14,,Yahoo,
990,Messaging App,MessageMe,United States,4-Oct-14,,Yahoo,
991,Online Video Advertising,BrightRoll,United States,11-Nov-14,,Yahoo,640000000
992,Photo Viewing,Cooliris,United States,21-Nov-14,,Yahoo,
994,Clothing E-commerce website,Polyvore,United States,31-Jul-15,,Yahoo,160000000
994,Wearable Devices,Fitbit,United States,1-Jan-20,,Alphabet,2100000000
611,Enterprise Information Integration,DWL,"USA, CAN",2-Aug-05,,IBM,
581,Business Process Management,"Holosofx, Inc.","USA, EGY",12-Sep-02,,IBM,
645,Database software,Solid Information Technology,"USA, FIN",29-Jan-08,,IBM,
608,Application Management,Meiosys,"USA, FRA",23-Jun-05,,IBM,
652,Application Recovery Software,FilesX,"USA, ISR",21-Apr-08,,IBM,
662,Database monitoring and protection,Guardium,"USA, ISR",30-Nov-09,,IBM,
656,Virtualization Software,Transitive Corporation,"USA, UK",18-Nov-08,,IBM,
687,Cloud based software testing,Green Hat (software company)[127],"USA, UK",4-Jan-12,,IBM,
742,Intelligent maintenance repair and operations (MRO) solutions,Oniqua Holdings Pty Ltd.,USA AUS,15-Jun-18,,IBM,
198,,FameBit,,11-Oct-16,YouTube,Alphabet,
199,,Eyefluence,,24-Oct-16,Google VR,Alphabet,
201,,Qwiklabs,,21-Nov-16,Google Cloud Platform,Alphabet,
263,Application Regionalization Firm,Gipsy Moth Studios,,10-May-10,"iPod, iPhone, iPad",Apple,121000000
745,Social software development,Values of n,,24-Nov-08,,Twitter,
746,Location information engine,Mixer labs,,23-Dec-09,,Twitter,5170000
748,Mobile messaging,Cloudhopper,,23-Apr-10,,Twitter,
749,Databases and analytics,Smallthought Systems,,10-Jun-10,,Twitter,
750,Q&A service,Fluther,,21-Dec-10,,Twitter,
752,Advertising,AdGrok,,1-Jun-11,,Twitter,
753,Social analytics,BackType,,5-Jul-11,,Twitter,
754,Social sharing and discovery,Bagcheck,,8-Aug-11,,Twitter,
755,Real-time social search engine,Julpan,,21-Sep-11,,Twitter,
756,Mobile privacy and security,Whisper Systems,,28-Nov-11,,Twitter,
757,Social news,Summify,,19-Jan-12,,Twitter,
758,Internet security,Dasient,,24-Jan-12,,Twitter,
759,Blogging platform,Posterous,,12-Mar-12,,Twitter,
762,Boutique design agency,Nclud,,4-Jun-12,,Twitter,
763,A/B Tester,Clutch.IO,,13-Aug-12,,Twitter,
764,Video Sharing Service,Vine,,9-Oct-12,,Twitter,30000000
765,Mobile app building software,Cabana,,16-Oct-12,,Twitter,
766,Crash reporting,Crashlytics,,28-Jan-13,,Twitter,100000000
769,Large-scale computing,Ubalo,,9-May-13,,Twitter,
770,Big Data visualization,Lucky Sort,,13-May-13,,Twitter,
773,Training services,Marakana,,13-Aug-13,,Twitter,
774,Advertising solutions,Trendrr,,28-Aug-13,,Twitter,
775,Advertising solutions,MoPub,,9-Sep-13,,Twitter,350000000
778,Android Lockscreen App,Cover,,7-Apr-14,,Twitter,
779,Data reseller,Gnip,,15-Apr-14,,Twitter,134000000
780,Native mobile advertising,Namo Media,,5-Jun-14,,Twitter,50000000
781,Mobile app install ads,TapCommerce,,5-Jun-14,,Twitter,100000000
782,Live Clipping Service,SnappyTV,,19-Jun-14,,Twitter,
783,Payment application platform,CardSpring,,29-Jul-14,,Twitter,
785,Password security,Mitro,,1-Aug-14,,Twitter,
786,Photo-Sharing Website,Twitpic,,25-Oct-14,,Twitter,
788,Advertising and software,Niche,,11-Feb-15,,Twitter,
789,Live-Video Streaming,Periscope (app),,9-Mar-15,,Twitter,100000000
790,Collaboration Platform,TenXer,,2-Apr-15,,Twitter,50000000
791,Advertising,TellApart,,28-Apr-15,,Twitter,479000000
793,Deployment Services,Fastlane,,21-Oct-15,,Twitter,
799,Highlight sharing application,Highly,,17-Apr-19,,Twitter,
970,Natural Language Processing,SkyPhrase,,2-Dec-13,,Yahoo,
977,Virtual world gaming,Cloud Party,,24-Jan-14,,Yahoo,
978,Online auction,Up4Sale.com,United States,16-Jul-98,,eBay,
979,Auction house,Butterfield & Butterfield,United States,27-Apr-99,,eBay,260000000.00
980,E-commerce payment systems,Billpoint,United States,18-May-99,,eBay,
981,Car auctions,Kruse International,United States,18-May-99,,eBay,
982,Auction house,Alando,Germany,22-Jun-99,,eBay,43000000.00
983,Listing tool,Blackthorne,United States,Oct-99,,eBay,
984,Online marketplace,Half.com,United States,13-Jun-00,,eBay,318000000.00
985,E-commerce payment systems,Precision Buying Service[note 1],United States,12-Dec-00,,eBay,
986,Online auction,Internet Auction Co.,South Korea,8-Jan-01,,eBay,120000000.00
987,Online auction,iBazar,France,5-Mar-01,,eBay,93000000.00
988,E-commerce payment systems,PayPal,United States,8-Jul-02,,eBay,1500000000.00
989,Online auction,CARad.com,United States,31-Jan-03,,eBay,
990,Electronic commerce,EachNet,China,11-Jul-03,,eBay,150000000.00
991,Vehicles classifieds,mobile.de,Germany,24-Jan-04,,eBay,152000000.00
992,Online auction,Baazee.com,India,22-Jun-04,,eBay,50000000.00
993,Classified advertising,Craigslist[note 2],United States,14-Aug-04,,eBay,13500000.00
994,Classified advertising,Marktplaats.nl,Netherlands,10-Nov-04,,eBay,290000000.00
995,Classified advertising,Rent.com,United States,16-Dec-04,,eBay,415000000.00
996,Classified advertising,Loquo,Spain,18-May-05,,eBay,
997,Classified advertising,Gumtree,United Kingdom,19-May-05,,eBay,
998,Price comparison service,Shopping.com,Israel,2-Jun-05,,eBay,620000000.00
999,Classified advertising,OpusForum.org,Germany,30-Jun-05,,eBay,
1000,Software for voice & video calls,Skype Limited[note 3],Luxembourg,13-Sep-05,,eBay,2600000000.00
1001,Online auction,Tradera,Sweden,24-Apr-06,,eBay,48000000.00
1002,Browser plugin,StumbleUpon[note 4],Canada,30-May-07,,eBay,75000000.00
1003,Electronic commerce,StubHub,United States,10-Jan-07,,eBay,310000000.00
1004,Electronic commerce,GittiGidiyor,Turkey,3-May-07,,eBay,217500000.00
1005,Social network service,Meetup.com[note 5],United States,9-Mar-06,,eBay,10000000.00
1006,Online risk management,Fraud Sciences,Israel,29-Jan-08,,eBay,169000000.00
1007,Electronic commerce,Bill Me Later,United States,6-Oct-08,,eBay,1200000000.00
1008,Classified advertising,dba.dk & bilbasen.dk,Denmark,6-Oct-08,,eBay,390000000.00
1009,Machine learning,Positronic Inc.,United States,8-Jan-09,,eBay,
1010,Electronic commerce,G-Market,South Korea,15-Apr-09,,eBay,1200000000.00
1011,Electronic commerce,Magento,United States,15-Mar-10,,eBay,225000000.00
1012,Mobile applications,RedLaser,United States,23-Jun-10,,eBay,10000000.00
1013,Shopping engine,Milo.com,United States,2-Dec-10,,eBay,75000000.00
1014,Electronic commerce,brands4friends,Germany,20-Dec-10,,eBay,200000000.00
1015,Marketing/fulfillment,GSI Commerce,United States,28-Mar-11,,eBay,2400000000.00
1016,Local search and recommendation,"Where, Inc.",United States,28-Mar-11,,eBay,135000000.00
1017,Nonprofit fundraising,MissionFish,United States,2-May-11,,eBay,
1018,Online classifieds,alaMaula,Argentina,23-Jun-11,,eBay,
1019,Payments through mobile carrier billing,Zong,United States,7-Jul-11,,eBay,240000000.00
1020,Group purchasing of gifts,The Gifts Project,Israel,8-Sep-11,,eBay,50000000.00
1021,Local event listings,Zvents,United States,11-Dec-11,,eBay,
1022,Billing technology,BillSAFE,Germany,22-Dec-11,,eBay,
1023,Social shopping,Svpply,United States,6-Sep-12,,eBay,
1024,Classified advertising,2dehands.be and 2ememain.be,Belgium,4-Jul-13,,eBay,
1025,Price forecasting,Decide.com,United States,6-Sep-13,,eBay,
1026,Payments,Braintree,United States,26-Sep-13,,eBay,800000000.00
1027,Content / commerce,Bureau of Trade,United States,27-Sep-13,,eBay,
1028,Rapid fulfillment service,Shutl,United Kingdom,22-Oct-13,,eBay,
1029,Virtual clothing,PhiSix Fashion Labs,United States,19-Feb-14,,eBay,
1030,Online classifieds,Vivanuncios,Mexico,28-Jan-15,,eBay,
1031,Secondhand clothing retailer,Twice,United States,20-Jul-15,,eBay,
1032,Inventory management,Cargigi,United States,29-Mar-16,,eBay,
1033,Machine learning,ExpertMaker,Sweden,5-May-16,,eBay,
1034,Online ticket marketplace,Ticketbis,Spain,23-May-16,,eBay,
1035,Online commerce,SalesPredict,Israel,12-Jul-16,,eBay,
1036,Image recognition,Corrigon,United States,30-Oct-16,,eBay,
1037,Online commerce,Flipkart,India,1-Aug-17,,eBay,
1038,Data tools,Terapeak,United States,13-Dec-17,,eBay,
1039,Online commerce,Motors.co.uk,United Kingdom,19-Oct-18,,eBay,
